start_id,end_id,relation
e1,pn1,sentBy
e1,pn2,receivedBy
e1,pn3,receivedBy
e1,pn4,receivedBy
e1,t1,partOf
e1,pa1,mentions
e1,d1,mentions
e1,d2,mentions
e1,d3,mentions
e1,me1,mentions
e1,me2,mentions
e1,me3,mentions
e1,tk1,mentions
e1,mt1,mentions
e1,mt2,mentions
e1,mt3,mentions
me1,tk1,usedFor
me2,tk1,usedFor
me3,tk1,usedFor
d1,tk1,usedFor
d2,tk1,usedFor
d3,tk1,usedFor
mt1,tk1,evaluates
mt2,tk1,evaluates
mt3,tk1,evaluates
e2,pn2,sentBy
e2,pn1,receivedBy
e2,pn3,receivedBy
e2,pn4,receivedBy
e2,t1,partOf
e2,tk1,mentions
e2,d1,mentions
e2,d2,mentions
e2,mg1,notifies
d1,tk1,usedFor
d2,tk1,usedFor
e3,pn3,sentBy
e3,pn1,receivedBy
e3,pn2,receivedBy
e3,pn4,receivedBy
e3,t1,partOf
e3,tk1,mentions
e3,me1,mentions
e3,mg2,notifies
me1,tk1,usedFor
e4,pn4,sentBy
e4,pn1,receivedBy
e4,pn2,receivedBy
e4,pn3,receivedBy
e4,t1,partOf
e4,tk1,mentions
e4,mg3,notifies
e5,pn2,sentBy
e5,pn1,receivedBy
e5,pn3,receivedBy
e5,pn4,receivedBy
e5,t2,partOf
e5,mg4,notifies
e6,pn1,sentBy
e6,pn2,receivedBy
e6,pn3,receivedBy
e6,pn4,receivedBy
e6,t3,partOf
e6,d1,mentions
e6,d2,mentions
e6,me1,mentions
e6,mt4,mentions
e6,tk1,mentions
me1,tk1,usedFor
d1,tk1,usedFor
d2,tk1,usedFor
mt4,tk1,evaluates
e7,pn3,sentBy
e7,pn1,receivedBy
e7,pn2,receivedBy
e7,pn4,receivedBy
e7,t4,partOf
e7,tk1,mentions
e7,me4,mentions
me4,tk1,usedFor
e8,pn1,sentBy
e8,pn3,receivedBy
e8,pn2,receivedBy
e8,pn4,receivedBy
e8,t4,partOf
e8,tk1,mentions
e9,j1,sentBy
e9,pn1,receivedBy
e9,t5,partOf
pa1,pn1,hasAuthor
pa1,pn5,hasAuthor
pa1,pn6,hasAuthor
pa1,pn7,hasAuthor
s1,pa1,identifies
s1,ps1,movesTo
s1,j1,inVenue
e9,s1,notifies
e10,j1,sentBy
e10,pn1,receivedBy
e10,t6,partOf
s1,pa1,identifies
s1,ps2,movesTo
s1,j1,inVenue
e10,s1,notifies
e11,pn2,sentBy
e11,pn1,receivedBy
e11,pn3,receivedBy
e11,pn4,receivedBy
e11,t7,partOf
e11,pa1,mentions
e11,tk1,mentions
e11,mg5,notifies
e12,pn1,sentBy
e12,pn2,receivedBy
e12,pn3,receivedBy
e12,pn4,receivedBy
e12,t8,partOf
e12,j1,mentions
e12,pa2,mentions
e13,pn1,sentBy
e13,pn3,receivedBy
e13,pn2,receivedBy
e13,pn4,receivedBy
e13,t9,partOf
e13,mg6,notifies
e14,pn1,sentBy
e14,pn3,receivedBy
e14,pn2,receivedBy
e14,pn4,receivedBy
e14,t10,partOf
e14,pa1,mentions
e14,j1,mentions
e14,tk1,mentions
e14,d4,mentions
e14,me5,mentions
e14,me6,mentions
e14,me7,mentions
e14,mg7,notifies
me5,tk1,usedFor
me6,tk1,usedFor
me7,tk1,usedFor
d4,tk1,usedFor
e15,j1,sentBy
e15,pn1,receivedBy
e15,t11,partOf
s1,pa1,identifies
s1,ps3,movesTo
s1,j1,inVenue
e15,s1,notifies
e16,pn1,sentBy
e16,pn2,receivedBy
e16,pn3,receivedBy
e16,pn4,receivedBy
e16,t12,partOf
pa1,pn1,hasAuthor
pa1,pn2,hasAuthor
pa1,pn3,hasAuthor
pa1,pn4,hasAuthor
s1,pa1,identifies
s1,j1,inVenue
s1,ps4,movesTo
e16,s1,notifies
e16,mg8,notifies
e17,pn2,sentBy
e17,pn1,receivedBy
e17,pn3,receivedBy
e17,pn4,receivedBy
e17,t12,partOf
e17,j1,mentions
e17,pa1,mentions
e17,mg9,notifies
e17,mg10,notifies
e18,pn3,sentBy
e18,pn1,receivedBy
e18,pn2,receivedBy
e18,pn4,receivedBy
e18,t12,partOf
e18,mg11,notifies
e19,pn4,sentBy
e19,pn1,receivedBy
e19,pn2,receivedBy
e19,pn3,receivedBy
e19,t13,partOf
e19,j1,mentions
e19,pa1,mentions
e19,me5,mentions
e20,pn1,sentBy
e20,pn2,receivedBy
e20,pn3,receivedBy
e20,pn4,receivedBy
e20,t14,partOf
e20,mg12,notifies
e21,j1,sentBy
e21,pn1,receivedBy
e21,t15,partOf
s1,pa1,identifies
s1,ps5,movesTo
s1,j1,inVenue
e21,s1,notifies
e22,pn1,sentBy
e22,pn2,receivedBy
e22,pn3,receivedBy
e22,pn4,receivedBy
e22,t16,partOf
e22,tk2,mentions
e22,d5,mentions
e22,me8,mentions
e22,mt5,mentions
d5,tk2,usedFor
me8,d5,uses
mt5,tk2,evaluates
e23,pn4,sentBy
e23,pn1,receivedBy
e23,pn2,receivedBy
e23,pn3,receivedBy
e23,t16,partOf
e23,tk2,mentions
e23,me9,mentions
e23,mt6,mentions
me9,tk2,usedFor
mt6,tk2,evaluates
e24,pn3,sentBy
e24,pn1,receivedBy
e24,pn2,receivedBy
e24,pn4,receivedBy
e24,t16,partOf
e24,tk2,mentions
e24,me10,mentions
e24,mg13,notifies
me10,tk2,usedFor
e25,pn1,sentBy
e25,pn2,receivedBy
e25,pn3,receivedBy
e25,pn4,receivedBy
e25,t17,partOf
e25,mg14,notifies
e25,me9,mentions
e25,mt7,mentions
e26,pn1,sentBy
e26,pn2,receivedBy
e26,pn3,receivedBy
e26,pn4,receivedBy
e26,t18,partOf
e26,d6,mentions
e26,d7,mentions
e26,me11,mentions
e26,me12,mentions
e26,tk3,mentions
me11,tk3,usedFor
me12,tk3,usedFor
d6,tk3,usedFor
d7,tk3,usedFor
e26,mg15,notifies
e27,pn2,sentBy
e27,pn1,receivedBy
e27,pn3,receivedBy
e27,pn4,receivedBy
e27,t19,partOf
e27,d8,mentions
e27,d9,mentions
e27,me11,mentions
e27,tk3,mentions
e27,mt8,mentions
me11,tk3,usedFor
e28,pn3,sentBy
e28,pn1,receivedBy
e28,pn2,receivedBy
e28,pn4,receivedBy
e28,t20,partOf
e28,d10,mentions
e28,d11,mentions
e29,pn4,sentBy
e29,pn1,receivedBy
e29,pn2,receivedBy
e29,pn3,receivedBy
e29,t21,partOf
e29,d12,mentions
e30,pn1,sentBy
e30,pn2,receivedBy
e30,pn3,receivedBy
e30,pn4,receivedBy
e30,t21,partOf
e30,d13,mentions
e31,pn3,sentBy
e31,pn1,receivedBy
e31,pn2,receivedBy
e31,pn4,receivedBy
e31,t22,partOf
e31,d2,mentions
e31,d14,mentions
e31,tk3,mentions
d2,tk3,usedFor
d14,tk3,usedFor
e32,pn1,sentBy
e32,pn3,receivedBy
e32,pn2,receivedBy
e32,pn4,receivedBy
e32,t23,partOf
e32,mg16,notifies
e32,me11,mentions
e33,pn2,sentBy
e33,pn1,receivedBy
e33,pn3,receivedBy
e33,pn4,receivedBy
e33,t23,partOf
e33,mg17,notifies
e33,me11,mentions
e34,pn4,sentBy
e34,pn1,receivedBy
e34,pn2,receivedBy
e34,pn3,receivedBy
e34,t24,partOf
e34,mg18,notifies
e35,pn1,sentBy
e35,pn3,receivedBy
e35,pn2,receivedBy
e35,pn4,receivedBy
e35,t25,partOf
e35,d8,mentions
e35,d9,mentions
e35,me11,mentions
e35,me13,mentions
e35,mg19,notifies
e36,pn3,sentBy
e36,pn1,receivedBy
e36,pn2,receivedBy
e36,pn4,receivedBy
e36,t26,partOf
e36,c1,mentions
e36,c2,mentions
e36,j1,mentions
e36,j2,mentions
e36,tk4,mentions
e37,pn4,sentBy
e37,pn1,receivedBy
e37,pn2,receivedBy
e37,pn3,receivedBy
e37,t27,partOf
e37,mg20,notifies
e38,pn2,sentBy
e38,pn1,receivedBy
e38,pn3,receivedBy
e38,pn4,receivedBy
e38,t28,partOf
e38,c3,mentions
e38,j3,mentions
e38,me14,mentions
e38,d15,mentions
e38,mg21,notifies
me14,d15,uses
e39,pn1,sentBy
e39,pn2,receivedBy
e39,pn3,receivedBy
e39,pn4,receivedBy
e39,t29,partOf
e39,c3,mentions
e39,me11,mentions
e39,d16,mentions
e39,tk5,mentions
e39,mg22,notifies
me11,d16,uses
me11,tk5,usedFor
d16,tk5,usedFor
e40,pn3,sentBy
e40,pn1,receivedBy
e40,pn2,receivedBy
e40,pn4,receivedBy
e40,t30,partOf
e40,c3,mentions
e40,j1,mentions
e40,me11,mentions
e40,d17,mentions
e40,tk6,mentions
me11,tk6,usedFor
d17,tk6,usedFor
e41,pn2,sentBy
e41,pn1,receivedBy
e41,pn3,receivedBy
e41,pn4,receivedBy
e41,t31,partOf
s2,c3,inVenue
s2,ps6,movesTo
e41,s2,notifies
e42,c3,sentBy
e42,pn2,receivedBy
e42,pn1,receivedBy
e42,pn3,receivedBy
e42,pn4,receivedBy
e42,t32,partOf
pa3,pn1,hasAuthor
pa3,pn2,hasAuthor
pa3,pn4,hasAuthor
pa3,pn3,hasAuthor
e42,tk7,mentions
e42,me15,mentions
e42,d17,mentions
me15,d17,uses
d17,tk7,usedFor
s2,pa3,identifies
s2,ps7,movesTo
s2,c3,inVenue
e42,s2,notifies
e43,pn1,sentBy
e43,pn2,receivedBy
e43,pn3,receivedBy
e43,pn4,receivedBy
e43,t33,partOf
e43,me11,mentions
s3,pa4,identifies
s3,c3,inVenue
s3,ps8,movesTo
e43,s3,notifies
e43,j1,mentions
e43,mg23,notifies
e44,pn4,sentBy
e44,pn1,receivedBy
e44,pn2,receivedBy
e44,pn3,receivedBy
e44,t34,partOf
e44,c3,mentions
e44,mg24,notifies
e45,pn3,sentBy
e45,pn4,receivedBy
e45,pn1,receivedBy
e45,pn2,receivedBy
e45,t35,partOf
e45,mg25,notifies
e45,c1,mentions
e45,j3,mentions
e46,pn1,sentBy
e46,pn3,receivedBy
e46,pn2,receivedBy
e46,pn4,receivedBy
e46,t36,partOf
e46,c3,mentions
e46,j1,mentions
e46,mg26,notifies
e46,me11,mentions
e47,pn2,sentBy
e47,pn1,receivedBy
e47,pn3,receivedBy
e47,pn4,receivedBy
e47,t37,partOf
e47,c1,mentions
e47,j1,mentions
e47,me11,mentions
e47,tk8,mentions
me11,tk8,usedFor
e48,pn4,sentBy
e48,pn1,receivedBy
e48,pn2,receivedBy
e48,pn3,receivedBy
e48,t38,partOf
e48,s2,notifies
s2,ps9,movesTo
s2,c3,inVenue
e48,me11,mentions
e49,pn1,sentBy
e49,pn2,receivedBy
e49,pn3,receivedBy
e49,pn4,receivedBy
e49,t39,partOf
e49,s4,notifies
e49,mg27,notifies
e49,mg28,notifies
e49,me11,mentions
s4,c3,inVenue
e50,pn2,sentBy
e50,pn1,receivedBy
e50,pn3,receivedBy
e50,pn4,receivedBy
e50,t40,partOf
e50,c3,mentions
e50,j1,mentions
e50,mg29,notifies
e50,mg30,notifies
e50,mg31,notifies
e51,pn3,sentBy
e51,pn1,receivedBy
e51,pn2,receivedBy
e51,pn4,receivedBy
e51,t41,partOf
e51,mg32,notifies
e51,d18,mentions
e51,me16,mentions
me16,d18,uses
e52,pn4,sentBy
e52,pn1,receivedBy
e52,pn2,receivedBy
e52,pn3,receivedBy
e52,t42,partOf
e52,d18,mentions
e52,me16,mentions
e52,mg33,notifies
e52,mg34,notifies
me16,d18,uses
e53,pn1,sentBy
e53,pn2,receivedBy
e53,pn3,receivedBy
e53,pn4,receivedBy
e53,t43,partOf
e53,c3,mentions
e53,mg35,notifies
e53,mg36,notifies
e53,me11,mentions
e54,pn4,sentBy
e54,pn1,receivedBy
e54,pn2,receivedBy
e54,pn3,receivedBy
e54,t44,partOf
e54,pa1,mentions
e54,j1,mentions
e54,c1,mentions
e54,tk9,mentions
e55,pn2,sentBy
e55,pn1,receivedBy
e55,pn3,receivedBy
e55,pn4,receivedBy
e55,t45,partOf
e55,j1,mentions
e55,c4,mentions
e55,mg37,notifies
e55,mg38,notifies
e56,pn1,sentBy
e56,pn3,receivedBy
e56,pn2,receivedBy
e56,pn4,receivedBy
e56,t46,partOf
pa5,pn1,hasAuthor
pa5,pn2,hasAuthor
pa5,pn4,hasAuthor
pa5,pn3,hasAuthor
s5,pa5,identifies
s5,ps10,movesTo
s5,j1,inVenue
e56,s5,notifies
e57,j1,sentBy
e57,pn1,receivedBy
e57,t47,partOf
pa5,pn1,hasAuthor
pa5,pn3,hasAuthor
pa5,pn4,hasAuthor
pa5,pn1,hasAuthor
e57,tk10,mentions
s5,pa5,identifies
s5,ps11,movesTo
s5,j1,inVenue
e58,pn1,sentBy
e58,pn2,receivedBy
e58,pn3,receivedBy
e58,pn4,receivedBy
e58,t48,partOf
e58,pa5,mentions
e58,s5,notifies
s5,pa5,identifies
s5,j1,inVenue
e58,mg39,notifies
e59,pn2,sentBy
e59,pn1,receivedBy
e59,pn3,receivedBy
e59,pn4,receivedBy
e59,t49,partOf
e59,mg40,notifies
e60,pn4,sentBy
e60,pn2,receivedBy
e60,pn1,receivedBy
e60,pn3,receivedBy
e60,t50,partOf
e60,s5,notifies
e60,mg41,notifies
e61,j1,sentBy
e61,pn1,receivedBy
e61,t51,partOf
pa5,pn1,hasAuthor
pa5,pn5,hasAuthor
pa5,pn6,hasAuthor
pa5,pn7,hasAuthor
s5,pa5,identifies
s5,ps12,movesTo
s5,j1,inVenue
e61,s5,notifies
e62,pn1,sentBy
e62,pn2,receivedBy
e62,pn3,receivedBy
e62,pn4,receivedBy
e62,t52,partOf
s5,pa5,identifies
s5,j1,inVenue
s5,ps13,movesTo
e62,s5,notifies
e63,pn3,sentBy
e63,pn1,receivedBy
e63,pn2,receivedBy
e63,pn4,receivedBy
e63,t52,partOf
e63,s5,notifies
s5,ps14,movesTo
e64,pn1,sentBy
e64,pn3,receivedBy
e64,pn2,receivedBy
e64,pn4,receivedBy
e64,t53,partOf
e64,s1,notifies
s1,ps15,movesTo
s1,j1,inVenue
e64,mg42,notifies
e65,j1,sentBy
e65,pn1,receivedBy
e65,t54,partOf
s5,pa5,identifies
s5,ps16,movesTo
s5,j1,inVenue
e65,s5,notifies
e66,pn4,sentBy
e66,pn2,receivedBy
e66,pn1,receivedBy
e66,pn3,receivedBy
e66,t55,partOf
e66,tk11,mentions
e66,tk12,mentions
e66,d19,mentions
e66,d20,mentions
e66,me17,mentions
me17,tk11,usedFor
d19,tk12,usedFor
d20,tk12,usedFor
e67,pn3,sentBy
e67,pn4,receivedBy
e67,pn2,receivedBy
e67,pn1,receivedBy
e67,t55,partOf
e67,d21,mentions
e67,mg43,notifies
e68,pn1,sentBy
e68,pn4,receivedBy
e68,pn2,receivedBy
e68,pn3,receivedBy
e68,t56,partOf
e68,mg44,notifies
e69,pn2,sentBy
e69,pn4,receivedBy
e69,pn3,receivedBy
e69,pn1,receivedBy
e69,t57,partOf
e69,tk11,mentions
e69,tk13,mentions
e69,tk14,mentions
e69,tk15,mentions
e69,d22,mentions
e69,mg45,notifies
d22,tk13,usedFor
e70,pn4,sentBy
e70,pn2,receivedBy
e70,pn1,receivedBy
e70,pn3,receivedBy
e70,t58,partOf
e70,d23,mentions
e70,me18,mentions
e70,tk16,mentions
e70,mg46,notifies
me18,d23,uses
me18,tk16,usedFor
e71,pn2,sentBy
e71,pn4,receivedBy
e71,pn1,receivedBy
e71,pn3,receivedBy
e71,t58,partOf
e71,d23,mentions
e71,me19,mentions
e71,tk16,mentions
e71,mg47,notifies
me19,tk16,usedFor
e72,pn1,sentBy
e72,pn2,receivedBy
e72,pn4,receivedBy
e72,pn3,receivedBy
e72,t59,partOf
e72,d24,mentions
e72,tk17,mentions
e72,me20,mentions
e72,mg48,notifies
me20,tk17,usedFor
e73,pn3,sentBy
e73,pn4,receivedBy
e73,pn1,receivedBy
e73,pn2,receivedBy
e73,t60,partOf
e73,me20,mentions
e73,d24,mentions
e74,pn1,sentBy
e74,pn3,receivedBy
e74,pn4,receivedBy
e74,pn2,receivedBy
e74,t61,partOf
e74,d24,mentions
e74,me21,mentions
e75,pn4,sentBy
e75,pn1,receivedBy
e75,pn3,receivedBy
e75,pn2,receivedBy
e75,t62,partOf
pa6,pn4,hasAuthor
pa6,pn1,hasAuthor
pa6,pn3,hasAuthor
pa6,pn2,hasAuthor
e75,tk18,mentions
e75,d21,mentions
d21,tk18,usedFor
s6,pa6,identifies
s6,ps17,movesTo
e76,pn9,sentBy
e76,pn4,receivedBy
e76,t63,partOf
pa6,pn4,hasAuthor
e76,tk18,mentions
e76,d16,mentions
e76,me20,mentions
s6,pa6,identifies
s6,ps18,movesTo
e77,pn4,sentBy
e77,pn1,receivedBy
e77,pn3,receivedBy
e77,pn2,receivedBy
e77,t64,partOf
e77,s6,notifies
s6,pa6,identifies
e77,mg49,notifies
e78,pn3,sentBy
e78,pn4,receivedBy
e78,pn1,receivedBy
e78,pn2,receivedBy
e78,t64,partOf
e78,s6,notifies
e78,mg50,notifies
e79,pn2,sentBy
e79,pn4,receivedBy
e79,pn3,receivedBy
e79,pn1,receivedBy
e79,t65,partOf
e79,mg51,notifies
e80,pn1,sentBy
e80,pn2,receivedBy
e80,pn4,receivedBy
e80,pn3,receivedBy
e80,t66,partOf
e80,mg52,notifies
e81,pn4,sentBy
e81,pn1,receivedBy
e81,pn3,receivedBy
e81,pn2,receivedBy
e81,t67,partOf
e81,d25,mentions
e81,mg53,notifies
e82,pn1,sentBy
e82,pn3,receivedBy
e82,pn4,receivedBy
e82,pn2,receivedBy
e82,t68,partOf
e82,mg54,notifies
e83,pn2,sentBy
e83,pn4,receivedBy
e83,pn3,receivedBy
e83,pn1,receivedBy
e83,t69,partOf
e83,pa6,mentions
e83,mg55,notifies
e84,pn3,sentBy
e84,pn2,receivedBy
e84,pn4,receivedBy
e84,pn1,receivedBy
e84,t70,partOf
e84,tk19,mentions
e84,tk20,mentions
e84,mg56,notifies
e85,pn4,sentBy
e85,pn2,receivedBy
e85,pn3,receivedBy
e85,pn1,receivedBy
e85,t71,partOf
e85,tk19,mentions
e85,tk20,mentions
e85,mg57,notifies
e86,pn2,sentBy
e86,pn4,receivedBy
e86,pn3,receivedBy
e86,pn1,receivedBy
e86,t71,partOf
e86,tk19,mentions
e86,tk20,mentions
e86,mg58,notifies
e87,pn1,sentBy
e87,pn2,receivedBy
e87,pn3,receivedBy
e87,pn4,receivedBy
e87,t72,partOf
e87,tk19,mentions
e87,tk20,mentions
e87,mg59,notifies
e88,pn3,sentBy
e88,pn2,receivedBy
e88,pn4,receivedBy
e88,pn1,receivedBy
e88,t73,partOf
e88,mg60,notifies
e88,tk21,mentions
e88,tk22,mentions
e88,tk23,mentions
e89,pn1,sentBy
e89,pn2,receivedBy
e89,pn3,receivedBy
e89,pn4,receivedBy
e89,t74,partOf
e89,tk24,mentions
e89,d26,mentions
d26,tk24,usedFor
e90,pn4,sentBy
e90,pn1,receivedBy
e90,pn3,receivedBy
e90,pn2,receivedBy
e90,t75,partOf
e90,d27,mentions
e90,d28,mentions
e90,mg61,notifies
e91,pn3,sentBy
e91,pn1,receivedBy
e91,pn4,receivedBy
e91,pn2,receivedBy
e91,t76,partOf
e91,me22,mentions
e91,me23,mentions
e91,me24,mentions
e91,me25,mentions
e91,me26,mentions
e91,d29,mentions
e91,mg62,notifies
me22,d29,uses
me23,d29,uses
e92,pn2,sentBy
e92,pn4,receivedBy
e92,pn3,receivedBy
e92,pn1,receivedBy
e92,t77,partOf
e92,mg63,notifies
e92,me22,mentions
e92,me23,mentions
e92,me27,mentions
e92,me26,mentions
e93,pn1,sentBy
e93,pn2,receivedBy
e93,pn3,receivedBy
e93,pn4,receivedBy
e93,t78,partOf
e93,d8,mentions
e93,d27,mentions
e93,d30,mentions
e93,mg64,notifies
e94,pn4,sentBy
e94,pn1,receivedBy
e94,pn3,receivedBy
e94,pn2,receivedBy
e94,t79,partOf
e94,j1,mentions
e94,j2,mentions
e94,mg65,notifies
e95,pn3,sentBy
e95,pn1,receivedBy
e95,pn4,receivedBy
e95,pn2,receivedBy
e95,t80,partOf
e95,j3,mentions
e95,j4,mentions
e95,mg66,notifies
e96,pn2,sentBy
e96,pn4,receivedBy
e96,pn3,receivedBy
e96,pn1,receivedBy
e96,t81,partOf
e96,j1,mentions
e96,j2,mentions
e96,me28,mentions
e96,tk25,mentions
e96,mg67,notifies
me28,tk25,usedFor
e97,pn1,sentBy
e97,pn2,receivedBy
e97,pn3,receivedBy
e97,pn4,receivedBy
e97,t82,partOf
e97,pa7,mentions
e97,j3,mentions
e97,d8,mentions
e97,d27,mentions
e97,d30,mentions
e97,me29,mentions
e97,mg68,notifies
e97,mt9,mentions
e97,mt10,mentions
e97,mt11,mentions
me29,d8,uses
me29,d27,uses
me29,d30,uses
mt9,me29,evaluates
mt10,me29,evaluates
mt11,me29,evaluates
e98,pn4,sentBy
e98,pn1,receivedBy
e98,pn3,receivedBy
e98,pn2,receivedBy
e98,t83,partOf
e98,j1,mentions
e98,pa8,mentions
e98,tk26,mentions
e99,c5,sentBy
e99,pn1,receivedBy
e99,t84,partOf
pa7,pn1,hasAuthor
pa7,pn2,hasAuthor
pa7,pn3,hasAuthor
pa7,pn4,hasAuthor
s7,pa7,identifies
s7,ps19,movesTo
s7,c5,inVenue
e99,s7,notifies
e100,c5,sentBy
e100,pn1,receivedBy
e100,t85,partOf
pa7,pn1,hasAuthor
pa7,pn5,hasAuthor
pa7,pn6,hasAuthor
pa7,pn7,hasAuthor
s7,pa7,identifies
s7,c5,inVenue
s7,ps20,movesTo
e100,s7,notifies
e100,tk24,mentions
e100,d16,mentions
e100,mt12,mentions
e100,mt13,mentions
e100,mt14,mentions
tk24,d16,uses
mt12,tk24,evaluates
mt13,tk24,evaluates
mt14,tk24,evaluates
tk24,tk27,usedFor
e101,pn2,sentBy
e101,pn1,receivedBy
e101,pn3,receivedBy
e101,pn4,receivedBy
e101,t86,partOf
pa7,pn2,hasAuthor
pa7,pn1,hasAuthor
pa7,pn3,hasAuthor
pa7,pn4,hasAuthor
s8,pa7,identifies
s8,ps21,movesTo
e101,s8,notifies
e101,me30,mentions
e101,d17,mentions
e101,mt12,mentions
e101,mt13,mentions
e101,mt14,mentions
me30,d17,uses
mt12,pa7,evaluates
mt13,pa7,evaluates
mt14,pa7,evaluates
e102,pn3,sentBy
e102,pn2,receivedBy
e102,pn1,receivedBy
e102,pn4,receivedBy
e102,t87,partOf
e102,mg69,notifies
e102,s9,notifies
e103,pn1,sentBy
e103,pn2,receivedBy
e103,pn3,receivedBy
e103,pn4,receivedBy
e103,t88,partOf
e103,mg70,notifies
e103,mg71,notifies
e103,s9,notifies
e104,pn4,sentBy
e104,pn1,receivedBy
e104,pn2,receivedBy
e104,pn3,receivedBy
e104,t89,partOf
e104,pa9,mentions
e104,s10,notifies
e104,me31,mentions
e104,d31,mentions
e104,mt12,mentions
e104,mt13,mentions
e104,mt14,mentions
s10,pa9,identifies
s10,ps22,movesTo
me31,d31,uses
mt12,me31,evaluates
mt13,me31,evaluates
mt14,me31,evaluates
e105,pn2,sentBy
e105,pn1,receivedBy
e105,pn3,receivedBy
e105,pn4,receivedBy
e105,t90,partOf
s8,pa7,identifies
s8,c5,inVenue
e105,s8,notifies
e105,mg72,notifies
e106,c5,sentBy
e106,pn1,receivedBy
e106,t91,partOf
pa7,pn7,hasAuthor
pa7,pn1,hasAuthor
pa7,pn5,hasAuthor
pa7,pn6,hasAuthor
s7,pa7,identifies
s7,ps23,movesTo
s7,c5,inVenue
e106,s7,notifies
e107,pn1,sentBy
e107,pn2,receivedBy
e107,pn3,receivedBy
e107,pn4,receivedBy
e107,t92,partOf
e107,s11,notifies
s11,c5,inVenue
s11,ps24,movesTo
e107,mg73,notifies
e108,pn3,sentBy
e108,pn1,receivedBy
e108,pn2,receivedBy
e108,pn4,receivedBy
e108,t93,partOf
e108,c5,mentions
e108,mg74,notifies
e108,mg75,notifies
e109,pn4,sentBy
e109,pn1,receivedBy
e109,pn2,receivedBy
e109,pn3,receivedBy
e109,t94,partOf
e109,tk28,mentions
e109,tk29,mentions
e109,mg76,notifies
e109,mg77,notifies
e110,pn2,sentBy
e110,pn1,receivedBy
e110,pn3,receivedBy
e110,pn4,receivedBy
e110,t95,partOf
e110,c5,mentions
e110,mg78,notifies
e111,c5,sentBy
e111,pn1,receivedBy
e111,t96,partOf
e111,s11,notifies
s11,ps25,movesTo
s11,c5,inVenue
e112,pn1,sentBy
e112,pn2,receivedBy
e112,pn3,receivedBy
e112,pn4,receivedBy
e112,t97,partOf
e112,c5,notifies
e113,pn3,sentBy
e113,pn1,receivedBy
e113,pn2,receivedBy
e113,pn4,receivedBy
e113,t98,partOf
e113,c5,mentions
e113,mg79,notifies
e114,pn4,sentBy
e114,pn1,receivedBy
e114,pn2,receivedBy
e114,pn3,receivedBy
e114,t99,partOf
e114,c5,mentions
e114,j1,mentions
e114,j2,mentions
e114,mg80,notifies
e115,pn2,sentBy
e115,pn3,receivedBy
e115,pn4,receivedBy
e115,pn1,receivedBy
e115,t100,partOf
e115,c5,mentions
e115,mg81,notifies
e116,pn1,sentBy
e116,pn2,receivedBy
e116,pn3,receivedBy
e116,pn4,receivedBy
e116,t101,partOf
e116,tk30,mentions
e116,tk31,mentions
e116,tk32,mentions
e116,tk33,mentions
e116,mg82,notifies
e117,pn3,sentBy
e117,pn2,receivedBy
e117,pn1,receivedBy
e117,pn4,receivedBy
e117,t102,partOf
e117,j1,mentions
e117,j2,mentions
e117,mg83,notifies
e118,j2,sentBy
e118,pn2,receivedBy
e118,pn1,receivedBy
e118,pn3,receivedBy
e118,pn4,receivedBy
e118,t103,partOf
pa10,pn1,hasAuthor
pa10,pn2,hasAuthor
pa10,pn4,hasAuthor
pa10,pn3,hasAuthor
s12,pa10,identifies
s12,ps26,movesTo
s12,j2,inVenue
e118,s12,notifies
e119,j2,sentBy
e119,pn2,receivedBy
e119,pn1,receivedBy
e119,pn3,receivedBy
e119,pn4,receivedBy
e119,t104,partOf
pa10,pn1,hasAuthor
pa10,pn2,hasAuthor
pa10,pn4,hasAuthor
pa10,pn3,hasAuthor
s12,pa10,identifies
s12,ps27,movesTo
s12,j2,inVenue
e119,s12,notifies
e120,pn1,sentBy
e120,pn2,receivedBy
e120,pn3,receivedBy
e120,pn4,receivedBy
e120,t105,partOf
e120,s12,notifies
s12,j2,inVenue
e120,mg84,notifies
e121,pn3,sentBy
e121,pn1,receivedBy
e121,pn2,receivedBy
e121,pn4,receivedBy
e121,t106,partOf
e121,s12,notifies
s12,j2,inVenue
s12,ps28,movesTo
e122,j2,sentBy
e122,pn2,receivedBy
e122,pn1,receivedBy
e122,pn3,receivedBy
e122,pn4,receivedBy
e122,t107,partOf
pa10,pn2,hasAuthor
pa10,pn1,hasAuthor
pa10,pn3,hasAuthor
pa10,pn4,hasAuthor
s12,pa10,identifies
s12,ps29,movesTo
s12,j2,inVenue
e122,s12,notifies
e123,pn2,sentBy
e123,pn1,receivedBy
e123,pn3,receivedBy
e123,pn4,receivedBy
e123,t108,partOf
pa10,pn1,hasAuthor
pa10,pn2,hasAuthor
pa10,pn3,hasAuthor
pa10,pn4,hasAuthor
e123,pa10,mentions
e123,j2,mentions
e123,ps30,notifies
e123,mg85,notifies
e124,pn1,sentBy
e124,pn2,receivedBy
e124,pn3,receivedBy
e124,pn4,receivedBy
e124,t109,partOf
e124,pa10,mentions
e124,j2,mentions
e124,mg86,notifies
e125,pn4,sentBy
e125,pn1,receivedBy
e125,pn2,receivedBy
e125,pn3,receivedBy
e125,t110,partOf
e125,j2,mentions
e125,mg87,notifies
e126,pn1,sentBy
e126,pn2,receivedBy
e126,pn3,receivedBy
e126,pn4,receivedBy
e126,t111,partOf
pa10,pn1,hasAuthor
pa10,pn2,hasAuthor
pa10,pn3,hasAuthor
pa10,pn4,hasAuthor
s12,pa10,identifies
s12,j2,inVenue
s12,ps31,movesTo
e126,s12,notifies
e126,mg88,notifies
e127,pn3,sentBy
e127,pn1,receivedBy
e127,pn2,receivedBy
e127,pn4,receivedBy
e127,t112,partOf
e127,j2,mentions
e127,mg89,notifies
e127,d32,mentions
e127,me32,mentions
e128,pn4,sentBy
e128,pn1,receivedBy
e128,pn2,receivedBy
e128,pn3,receivedBy
e128,t113,partOf
e128,j2,mentions
e128,d33,mentions
e128,d34,mentions
e128,d35,mentions
e128,me33,mentions
e128,mg90,notifies
me33,d33,uses
me33,d34,uses
me33,d35,uses
e129,pn1,sentBy
e129,pn2,receivedBy
e129,pn3,receivedBy
e129,pn4,receivedBy
e129,t114,partOf
e129,d36,mentions
e129,tk34,mentions
e129,me34,mentions
me34,tk34,usedFor
e130,pn3,sentBy
e130,pn1,receivedBy
e130,pn2,receivedBy
e130,pn4,receivedBy
e130,t60,partOf
e130,d36,mentions
e130,mg91,notifies
e131,pn1,sentBy
e131,pn2,receivedBy
e131,pn3,receivedBy
e131,pn4,receivedBy
e131,t115,partOf
e131,d37,mentions
e131,mg92,notifies
e131,mg93,notifies
e132,j2,sentBy
e132,pn1,receivedBy
e132,t116,partOf
pa10,pn1,hasAuthor
pa10,pn2,hasAuthor
pa10,pn4,hasAuthor
pa10,pn3,hasAuthor
s13,pa10,identifies
s13,ps32,movesTo
s13,j2,inVenue
e132,s13,notifies
e133,pn3,sentBy
e133,pn1,receivedBy
e133,pn2,receivedBy
e133,pn4,receivedBy
e133,t117,partOf
e133,tk35,mentions
e133,me35,mentions
e133,d38,mentions
me35,tk35,usedFor
me35,d38,uses
e134,pn1,sentBy
e134,pn2,receivedBy
e134,pn3,receivedBy
e134,pn4,receivedBy
e134,t118,partOf
e134,d37,mentions
e134,me36,mentions
e134,mg94,notifies
me36,d37,uses
e135,pn2,sentBy
e135,pn1,receivedBy
e135,pn3,receivedBy
e135,pn4,receivedBy
e135,t119,partOf
e135,mg95,notifies
e136,pn4,sentBy
e136,pn1,receivedBy
e136,pn2,receivedBy
e136,pn3,receivedBy
e136,t120,partOf
e136,tk36,mentions
e136,tk37,mentions
e136,tk38,mentions
e136,tk39,mentions
e136,tk40,mentions
e136,mg96,notifies
e137,c6,sentBy
e137,pn1,receivedBy
e137,t121,partOf
s14,pa11,identifies
s14,ps33,movesTo
s14,c6,inVenue
e137,s14,notifies
e138,c6,sentBy
e138,pn1,receivedBy
e138,t122,partOf
pa11,pn1,hasAuthor
e138,tk41,mentions
s14,pa11,identifies
s14,ps34,movesTo
s14,c6,inVenue
e138,s14,notifies
e139,pn1,sentBy
e139,pn2,receivedBy
e139,pn3,receivedBy
e139,pn4,receivedBy
e139,t123,partOf
pa11,pn1,hasAuthor
pa11,pn2,hasAuthor
pa11,pn3,hasAuthor
pa11,pn4,hasAuthor
s14,pa11,identifies
s14,ps35,movesTo
s14,c6,inVenue
e139,s14,notifies
e139,mg97,notifies
e140,pn3,sentBy
e140,pn1,receivedBy
e140,pn2,receivedBy
e140,pn4,receivedBy
e140,t124,partOf
e140,mg98,notifies
e141,pn4,sentBy
e141,pn1,receivedBy
e141,pn2,receivedBy
e141,pn3,receivedBy
e141,t125,partOf
e141,c6,mentions
e141,tk42,mentions
e141,tk43,mentions
e141,tk44,mentions
e141,mg99,notifies
e142,pn2,sentBy
e142,pn1,receivedBy
e142,pn3,receivedBy
e142,pn4,receivedBy
e142,t126,partOf
e142,mg100,notifies
e143,pn1,sentBy
e143,pn2,receivedBy
e143,pn3,receivedBy
e143,pn4,receivedBy
e143,t127,partOf
e143,c6,notifies
e143,mg101,notifies
e144,pn3,sentBy
e144,pn1,receivedBy
e144,pn2,receivedBy
e144,pn4,receivedBy
e144,t128,partOf
e144,s15,notifies
s15,ps36,movesTo
e145,pn4,sentBy
e145,pn1,receivedBy
e145,pn2,receivedBy
e145,pn3,receivedBy
e145,t129,partOf
e145,c6,mentions
e145,mg102,notifies
e146,pn1,sentBy
e146,c6,receivedBy
e146,pn2,receivedBy
e146,pn3,receivedBy
e146,pn4,receivedBy
e146,t130,partOf
pa11,pn1,hasAuthor
pa11,pn2,hasAuthor
pa11,pn3,hasAuthor
pa11,pn4,hasAuthor
e146,tk45,mentions
s14,pa11,identifies
s14,ps37,movesTo
s14,c6,inVenue
e146,s14,notifies
e147,c6,sentBy
e147,pn1,receivedBy
e147,t131,partOf
s14,pa11,identifies
s14,ps38,movesTo
s14,c6,inVenue
e147,s14,notifies
e148,pn1,sentBy
e148,t132,partOf
pa11,pn1,hasAuthor
pa11,pn2,hasAuthor
pa11,pn3,hasAuthor
pa11,pn4,hasAuthor
s14,pa11,identifies
s14,c6,inVenue
s14,ps39,movesTo
e148,s14,notifies
e149,c6,sentBy
e149,pn1,receivedBy
e149,t133,partOf
s14,pa11,identifies
s14,c6,inVenue
s14,ps40,movesTo
e149,s14,notifies
e150,pn4,sentBy
e150,pn1,receivedBy
e150,pn2,receivedBy
e150,pn3,receivedBy
e150,t134,partOf
e150,c6,mentions
e150,tk46,mentions
e150,mg103,notifies
e151,pn2,sentBy
e151,pn1,receivedBy
e151,pn3,receivedBy
e151,pn4,receivedBy
e151,t134,partOf
e151,tk47,mentions
e151,tk48,mentions
e151,tk49,mentions
e151,mg104,notifies
e152,pn1,sentBy
e152,pn2,receivedBy
e152,pn3,receivedBy
e152,pn4,receivedBy
e152,t135,partOf
e152,mg105,notifies
e152,tk50,mentions
e152,tk51,mentions
e152,tk52,mentions
e152,mg106,notifies
e153,pn3,sentBy
e153,pn1,receivedBy
e153,pn2,receivedBy
e153,pn4,receivedBy
e153,t136,partOf
e153,tk53,mentions
e153,tk52,mentions
e153,mg107,notifies
e154,pn4,sentBy
e154,pn1,receivedBy
e154,pn2,receivedBy
e154,pn3,receivedBy
e154,t137,partOf
e154,tk54,mentions
e154,mg108,notifies
e155,pn1,sentBy
e155,pn2,receivedBy
e155,pn3,receivedBy
e155,pn4,receivedBy
e155,t138,partOf
e155,tk55,mentions
e155,tk56,mentions
e155,tk57,mentions
e155,mg109,notifies
e156,pn2,sentBy
e156,pn1,receivedBy
e156,pn3,receivedBy
e156,pn4,receivedBy
e156,t139,partOf
e156,tk53,mentions
e156,tk58,mentions
e156,mg110,notifies
e157,pn4,sentBy
e157,pn1,receivedBy
e157,pn2,receivedBy
e157,pn3,receivedBy
e157,t140,partOf
e157,d39,mentions
e157,me37,mentions
e157,tk59,mentions
e157,mg111,notifies
d39,tk59,usedFor
me37,d39,uses
e158,pn3,sentBy
e158,pn1,receivedBy
e158,pn2,receivedBy
e158,pn4,receivedBy
e158,t141,partOf
e158,mg112,notifies
e159,pn1,sentBy
e159,pn2,receivedBy
e159,pn3,receivedBy
e159,pn4,receivedBy
e159,t142,partOf
e159,mg113,notifies
e159,tk59,mentions
e159,tk60,mentions
e159,tk61,mentions
e159,c7,notifies
e160,pn2,sentBy
e160,pn1,receivedBy
e160,pn3,receivedBy
e160,pn4,receivedBy
e160,t143,partOf
e160,c7,notifies
e160,tk59,mentions
e160,tk62,mentions
tk59,tk62,usedFor
e160,mg114,notifies
e161,pn1,sentBy
e161,pn3,receivedBy
e161,pn4,receivedBy
e161,pn2,receivedBy
e161,t144,partOf
e161,c7,mentions
e161,mg115,notifies
e162,pn3,sentBy
e162,pn1,receivedBy
e162,pn4,receivedBy
e162,pn2,receivedBy
e162,t145,partOf
e162,mg116,notifies
e162,c7,mentions
e163,pn4,sentBy
e163,pn1,receivedBy
e163,pn3,receivedBy
e163,pn2,receivedBy
e163,t146,partOf
e163,mg117,notifies
e163,c7,mentions
e164,pn1,sentBy
e164,pn3,receivedBy
e164,pn4,receivedBy
e164,pn2,receivedBy
e164,t147,partOf
pa12,pn1,hasAuthor
pa12,pn3,hasAuthor
pa12,pn4,hasAuthor
pa12,pn2,hasAuthor
s16,pa12,identifies
s16,ps41,movesTo
s16,c7,inVenue
e164,s16,notifies
e165,c7,sentBy
e165,pn1,receivedBy
e165,pn3,receivedBy
e165,pn2,receivedBy
e165,pn4,receivedBy
e165,t148,partOf
pa12,pn1,hasAuthor
pa12,pn2,hasAuthor
pa12,pn4,hasAuthor
pa12,pn3,hasAuthor
s16,pa12,identifies
s16,ps42,movesTo
s16,c7,inVenue
e165,s16,notifies
e166,c8,sentBy
e166,pn1,receivedBy
e166,pn3,receivedBy
e166,pn4,receivedBy
e166,pn2,receivedBy
e166,t149,partOf
pa12,pn1,hasAuthor
pa12,pn2,hasAuthor
pa12,pn4,hasAuthor
pa12,pn3,hasAuthor
s16,pa12,identifies
s16,c8,inVenue
s16,ps43,movesTo
e166,tk63,mentions
e166,me38,mentions
e167,pn2,sentBy
e167,pn1,receivedBy
e167,pn3,receivedBy
e167,pn4,receivedBy
e167,t150,partOf
e167,s17,notifies
s17,pa13,identifies
s17,c7,inVenue
s17,ps44,movesTo
e167,mg118,notifies
e168,pn1,sentBy
e168,pn2,receivedBy
e168,pn3,receivedBy
e168,pn4,receivedBy
e168,t151,partOf
s16,pa12,identifies
s16,c7,inVenue
e168,s16,notifies
e168,mg119,notifies
e169,pn3,sentBy
e169,pn1,receivedBy
e169,pn2,receivedBy
e169,pn4,receivedBy
e169,t152,partOf
e169,pa12,mentions
e169,mg120,notifies
pa12,c7,inVenue
e170,pn4,sentBy
e170,pn1,receivedBy
e170,pn2,receivedBy
e170,pn3,receivedBy
e170,t153,partOf
e170,c7,mentions
e170,tk64,mentions
e170,mg121,notifies
e171,pn1,sentBy
e171,pn2,receivedBy
e171,pn3,receivedBy
e171,pn4,receivedBy
e171,t154,partOf
e171,c7,notifies
e171,mg122,notifies
e172,pn2,sentBy
e172,pn1,receivedBy
e172,pn3,receivedBy
e172,pn4,receivedBy
e172,t155,partOf
e172,c7,notifies
e172,mg123,notifies
e173,pn3,sentBy
e173,pn2,receivedBy
e173,pn1,receivedBy
e173,pn4,receivedBy
e173,t156,partOf
e173,c7,mentions
e173,mg124,notifies
e174,pn4,sentBy
e174,pn2,receivedBy
e174,pn1,receivedBy
e174,pn3,receivedBy
e174,t157,partOf
e174,mg125,notifies
e175,j1,sentBy
e175,pn1,receivedBy
e175,t158,partOf
pa14,pn1,hasAuthor
pa14,pn5,hasAuthor
pa14,pn7,hasAuthor
pa14,pn6,hasAuthor
s18,pa14,identifies
s18,ps45,movesTo
s18,j1,inVenue
e175,s18,notifies
e176,j1,sentBy
e176,pn1,receivedBy
e176,t159,partOf
s18,ps46,movesTo
s18,j1,inVenue
e176,s18,notifies
e177,pn1,sentBy
e177,pn2,receivedBy
e177,pn3,receivedBy
e177,pn4,receivedBy
e177,t160,partOf
e177,pa14,mentions
e177,j1,mentions
e177,tk65,mentions
e177,mg126,notifies
e178,pn3,sentBy
e178,pn1,receivedBy
e178,pn2,receivedBy
e178,pn4,receivedBy
e178,t161,partOf
e178,mg127,notifies
e179,pn2,sentBy
e179,pn1,receivedBy
e179,pn3,receivedBy
e179,pn4,receivedBy
e179,t162,partOf
e179,mg128,notifies
e180,pn4,sentBy
e180,pn1,receivedBy
e180,pn2,receivedBy
e180,pn3,receivedBy
e180,t163,partOf
pa14,pn3,hasAuthor
pa14,pn1,hasAuthor
pa14,pn2,hasAuthor
pa14,pn4,hasAuthor
e180,pa14,identifies
e180,j1,inVenue
e180,ps47,movesTo
e181,pn2,sentBy
e181,pn1,receivedBy
e181,pn3,receivedBy
e181,pn4,receivedBy
e181,t164,partOf
e181,pa14,mentions
e181,j1,mentions
e181,mg129,notifies
e182,pn3,sentBy
e182,pn1,receivedBy
e182,pn2,receivedBy
e182,pn4,receivedBy
e182,t165,partOf
e182,s1,notifies
s1,pa1,identifies
s1,j1,inVenue
s1,ps48,movesTo
e183,j1,sentBy
e183,pn3,receivedBy
e183,pn1,receivedBy
e183,pn2,receivedBy
e183,pn4,receivedBy
e183,t166,partOf
pa14,pn3,hasAuthor
pa14,pn1,hasAuthor
pa14,pn2,hasAuthor
pa14,pn4,hasAuthor
s19,pa14,identifies
s19,ps49,movesTo
s19,j1,inVenue
e183,s19,notifies
e184,j1,sentBy
e184,pn3,receivedBy
e184,pn1,receivedBy
e184,pn2,receivedBy
e184,pn4,receivedBy
e184,t167,partOf
pa14,pn3,hasAuthor
pa14,pn1,hasAuthor
pa14,pn2,hasAuthor
pa14,pn4,hasAuthor
s19,pa14,identifies
s19,ps50,movesTo
s19,j1,inVenue
e184,s19,notifies
e185,pn1,sentBy
e185,pn2,receivedBy
e185,pn3,receivedBy
e185,pn4,receivedBy
e185,t168,partOf
e185,s19,notifies
s19,j1,inVenue
s19,ps51,movesTo
e186,pn3,sentBy
e186,pn1,receivedBy
e186,pn2,receivedBy
e186,pn4,receivedBy
e186,t169,partOf
e186,mg130,notifies
e187,pn2,sentBy
e187,pn1,receivedBy
e187,pn3,receivedBy
e187,pn4,receivedBy
e187,t170,partOf
e187,pa14,mentions
e187,mg131,notifies
e188,pn4,sentBy
e188,pn1,receivedBy
e188,pn2,receivedBy
e188,pn3,receivedBy
e188,t171,partOf
e188,pa15,mentions
e188,j1,mentions
e188,tk66,mentions
e188,mg132,notifies
e189,pn1,sentBy
e189,pn2,receivedBy
e189,pn3,receivedBy
e189,pn4,receivedBy
e189,t172,partOf
e189,mg133,notifies
e190,pn2,sentBy
e190,pn1,receivedBy
e190,pn3,receivedBy
e190,pn4,receivedBy
e190,t173,partOf
e190,mg134,notifies
e190,s20,notifies
e191,pn4,sentBy
e191,pn1,receivedBy
e191,pn2,receivedBy
e191,pn3,receivedBy
e191,t174,partOf
pa14,pn3,hasAuthor
pa14,pn1,hasAuthor
pa14,pn2,hasAuthor
pa14,pn4,hasAuthor
e191,tk67,mentions
s21,pa14,identifies
s21,ps52,movesTo
s21,j1,inVenue
e191,s21,notifies
e192,j1,sentBy
e192,pn4,receivedBy
e192,pn1,receivedBy
e192,pn2,receivedBy
e192,pn3,receivedBy
e192,t175,partOf
pa14,pn1,hasAuthor
pa14,pn2,hasAuthor
pa14,pn4,hasAuthor
pa14,pn3,hasAuthor
e192,tk67,mentions
s21,pa14,identifies
s21,ps53,movesTo
s21,j1,inVenue
e192,s21,notifies
e193,pn3,sentBy
e193,pn1,receivedBy
e193,pn4,receivedBy
e193,pn2,receivedBy
e193,t176,partOf
e193,pa16,mentions
e193,ps54,notifies
e194,pn1,sentBy
e194,pn3,receivedBy
e194,pn4,receivedBy
e194,pn2,receivedBy
e194,t177,partOf
e194,tk68,mentions
pa1,j1,inVenue
e195,pn2,sentBy
e195,pn3,receivedBy
e195,pn1,receivedBy
e195,pn4,receivedBy
e195,t178,partOf
e195,mg135,notifies
e196,pn4,sentBy
e196,pn2,receivedBy
e196,pn3,receivedBy
e196,pn1,receivedBy
e196,t179,partOf
e196,mg136,notifies
e197,pn3,sentBy
e197,pn4,receivedBy
e197,pn2,receivedBy
e197,pn1,receivedBy
e197,t180,partOf
s21,pa14,identifies
e198,pn1,sentBy
e198,pn3,receivedBy
e198,pn2,receivedBy
e198,pn4,receivedBy
e198,t181,partOf
e199,pn2,sentBy
e199,pn3,receivedBy
e199,pn1,receivedBy
e199,pn4,receivedBy
e199,t182,partOf
pa14,pn3,hasAuthor
pa14,pn1,hasAuthor
pa14,pn2,hasAuthor
pa14,pn4,hasAuthor
s21,pa14,identifies
s21,ps55,movesTo
s21,j1,inVenue
e199,s21,notifies
e200,j1,sentBy
e200,pn2,receivedBy
e200,t183,partOf
s21,pa14,identifies
s21,ps56,movesTo
s21,j1,inVenue
e200,s21,notifies
e201,j1,sentBy
e201,pn2,receivedBy
e201,t184,partOf
pa14,pn2,hasAuthor
e201,tk67,mentions
s21,pa14,identifies
s21,ps57,movesTo
s21,j1,inVenue
e201,s21,notifies
e202,pn3,sentBy
e202,pn2,receivedBy
e202,pn1,receivedBy
e202,pn4,receivedBy
e202,t185,partOf
e202,pa14,mentions
e202,s21,notifies
e202,mg137,notifies
e203,pn4,sentBy
e203,pn3,receivedBy
e203,pn2,receivedBy
e203,pn1,receivedBy
e203,t186,partOf
e203,mg138,notifies
e204,pn1,sentBy
e204,pn3,receivedBy
e204,pn4,receivedBy
e204,pn2,receivedBy
e204,t187,partOf
e204,pa14,mentions
e204,s21,notifies
pa14,pn1,hasAuthor
pa14,pn3,hasAuthor
pa14,pn4,hasAuthor
pa14,pn2,hasAuthor
e204,tk67,mentions
e205,pn2,sentBy
e205,pn3,receivedBy
e205,pn4,receivedBy
e205,pn1,receivedBy
e205,t188,partOf
e205,pa14,mentions
e205,s21,notifies
e205,mg139,notifies
e206,pn3,sentBy
e206,pn2,receivedBy
e206,pn1,receivedBy
e206,pn4,receivedBy
e206,t189,partOf
e206,pa14,mentions
e206,s21,notifies
e206,mg140,notifies
e207,pn2,sentBy
e207,pn3,receivedBy
e207,pn1,receivedBy
e207,pn4,receivedBy
e207,t190,partOf
pa14,pn3,hasAuthor
pa14,pn1,hasAuthor
pa14,pn2,hasAuthor
pa14,pn4,hasAuthor
s21,pa14,identifies
s21,ps58,movesTo
s21,j1,inVenue
e207,s21,notifies
e208,j1,sentBy
e208,pn2,receivedBy
e208,pn3,receivedBy
e208,pn1,receivedBy
e208,pn4,receivedBy
e208,t191,partOf
pa14,pn3,hasAuthor
pa14,pn1,hasAuthor
pa14,pn2,hasAuthor
pa14,pn4,hasAuthor
s21,pa14,identifies
s21,ps59,movesTo
s21,j1,inVenue
e208,s21,notifies
e209,pn1,sentBy
e209,pn3,receivedBy
e209,pn2,receivedBy
e209,pn4,receivedBy
e209,t192,partOf
e209,s21,notifies
e209,mg141,notifies
e210,pn4,sentBy
e210,pn1,receivedBy
e210,pn3,receivedBy
e210,pn2,receivedBy
e210,t193,partOf
e210,tk69,mentions
e210,mg142,notifies
e211,pn3,sentBy
e211,pn1,receivedBy
e211,pn2,receivedBy
e211,pn4,receivedBy
e211,t194,partOf
e211,pa14,mentions
e211,s21,notifies
e211,mg143,notifies
e211,me39,mentions
e212,pn1,sentBy
e212,pn3,receivedBy
e212,pn4,receivedBy
e212,pn2,receivedBy
e212,t195,partOf
e212,mg144,notifies
e212,me39,mentions
e213,pn2,sentBy
e213,pn3,receivedBy
e213,pn4,receivedBy
e213,pn1,receivedBy
e213,t196,partOf
pa14,pn2,hasAuthor
pa14,pn3,hasAuthor
pa14,pn4,hasAuthor
pa14,pn1,hasAuthor
e213,pa14,mentions
e213,s21,notifies
e213,tk67,mentions
e213,me39,mentions
me39,tk67,usedFor
e214,pn1,sentBy
e214,pn3,receivedBy
e214,pn4,receivedBy
e214,pn2,receivedBy
e214,t197,partOf
pa14,pn1,hasAuthor
pa14,pn3,hasAuthor
pa14,pn4,hasAuthor
pa14,pn2,hasAuthor
e214,pa14,mentions
e214,s21,notifies
s21,pa14,identifies
s21,j3,inVenue
e214,tk70,mentions
e214,me40,mentions
me40,tk70,usedFor
e215,j1,sentBy
e215,pn1,receivedBy
e215,pn3,receivedBy
e215,pn4,receivedBy
e215,pn2,receivedBy
e215,t198,partOf
pa14,pn1,hasAuthor
pa14,pn3,hasAuthor
pa14,pn4,hasAuthor
pa14,pn2,hasAuthor
e215,tk67,mentions
s21,pa14,identifies
s21,ps60,movesTo
s21,j1,inVenue
e215,s21,notifies
e216,j1,sentBy
e216,pn1,receivedBy
e216,pn3,receivedBy
e216,pn4,receivedBy
e216,pn2,receivedBy
e216,t199,partOf
s21,pa14,identifies
s21,ps61,movesTo
s21,j1,inVenue
e216,me39,mentions
e216,tk71,mentions
me39,tk71,usedFor
e217,pn3,sentBy
e217,pn1,receivedBy
e217,pn4,receivedBy
e217,pn2,receivedBy
e217,t200,partOf
e217,pa14,mentions
e217,s21,notifies
e217,me39,mentions
e217,tk72,mentions
e217,d40,mentions
me39,d40,uses
me39,tk72,usedFor
e218,pn1,sentBy
e218,pn3,receivedBy
e218,pn4,receivedBy
e218,pn2,receivedBy
e218,t201,partOf
e218,mg145,notifies
e218,tk73,mentions
e218,me40,mentions
e218,d41,mentions
me40,d41,uses
me40,tk73,usedFor
e219,pn4,sentBy
e219,pn1,receivedBy
e219,pn3,receivedBy
e219,pn2,receivedBy
e219,t202,partOf
e219,pa14,mentions
e219,s21,notifies
e219,tk74,mentions
e219,tk75,mentions
e219,tk76,mentions
e219,d41,mentions
e219,d42,mentions
e219,d43,mentions
e219,d44,mentions
e219,me40,mentions
e219,me41,mentions
e219,mt12,mentions
e219,mt13,mentions
e219,mt2,mentions
e219,mt15,mentions
e219,mt16,mentions
e219,mg146,notifies
s21,pa14,identifies
me40,d41,uses
me41,tk76,usedFor
d42,tk75,usedFor
d43,tk75,usedFor
d44,tk75,usedFor
mt12,tk74,evaluates
mt13,tk74,evaluates
mt2,tk74,evaluates
mt15,tk74,evaluates
mt16,tk74,evaluates
e220,pn2,sentBy
e220,pn1,receivedBy
e220,pn3,receivedBy
e220,pn4,receivedBy
e220,t203,partOf
e220,pa14,mentions
e220,s21,notifies
e220,d45,mentions
e220,d46,mentions
e220,me39,mentions
e220,me42,mentions
e220,mt15,mentions
e220,mt16,mentions
e220,mg147,notifies
s21,pa14,identifies
me39,d45,uses
me42,d46,uses
mt15,me39,evaluates
mt16,me39,evaluates
e221,pn4,sentBy
e221,pn1,receivedBy
e221,pn3,receivedBy
e221,pn2,receivedBy
e221,t204,partOf
e221,mg148,notifies
e221,mg149,notifies
e222,pn3,sentBy
e222,pn1,receivedBy
e222,pn4,receivedBy
e222,pn2,receivedBy
e222,t205,partOf
e222,d47,mentions
e222,d48,mentions
e222,mt15,mentions
e222,mt16,mentions
e222,mg150,notifies
mt15,d47,evaluates
mt16,d47,evaluates
e223,pn1,sentBy
e223,pn3,receivedBy
e223,pn4,receivedBy
e223,pn2,receivedBy
e223,t206,partOf
e223,mg151,notifies
e223,mt15,mentions
e223,mt16,mentions
e224,pn2,sentBy
e224,pn1,receivedBy
e224,pn3,receivedBy
e224,pn4,receivedBy
e224,t207,partOf
s21,pa14,identifies
s21,ps62,movesTo
s21,j1,inVenue
e224,s21,notifies
e225,j1,sentBy
e225,pn1,receivedBy
e225,t208,partOf
pa14,pn1,hasAuthor
pa14,pn5,hasAuthor
pa14,pn7,hasAuthor
pa14,pn6,hasAuthor
e225,tk77,mentions
e225,d49,mentions
s21,pa14,identifies
s21,ps63,movesTo
s21,j1,inVenue
e226,pn1,sentBy
e226,pn3,receivedBy
e226,pn2,receivedBy
e226,pn4,receivedBy
e226,t209,partOf
e226,j1,mentions
e226,pa1,mentions
e226,s1,notifies
e226,mg152,notifies
e226,mt15,mentions
e226,mt16,mentions
s1,pa1,identifies
s1,ps64,movesTo
s1,j1,inVenue
e227,pn4,sentBy
e227,pn1,receivedBy
e227,pn3,receivedBy
e227,pn2,receivedBy
e227,t210,partOf
e227,mg153,notifies
e227,mt15,mentions
e227,mt16,mentions
e228,pn3,sentBy
e228,pn1,receivedBy
e228,pn4,receivedBy
e228,pn2,receivedBy
e228,t211,partOf
e228,mt15,mentions
e228,mt16,mentions
e228,mg154,notifies
e229,pn4,sentBy
e229,pn1,receivedBy
e229,pn3,receivedBy
e229,pn2,receivedBy
e229,t212,partOf
e229,j1,mentions
e229,mt15,mentions
e229,mt16,mentions
e230,pn1,sentBy
e230,pn3,receivedBy
e230,pn2,receivedBy
e230,pn4,receivedBy
e230,t213,partOf
e230,mt15,mentions
e230,mt16,mentions
pa1,pn3,hasAuthor
pa1,pn1,hasAuthor
pa1,pn2,hasAuthor
pa1,pn4,hasAuthor
ps65,pa1,movesTo
e230,ps65,notifies
e231,j1,sentBy
e231,pn1,receivedBy
e231,t214,partOf
s21,pa14,identifies
s21,ps66,movesTo
s21,j1,inVenue
e231,s21,notifies
e232,j1,sentBy
e232,pn1,receivedBy
e232,t215,partOf
pa14,pn1,hasAuthor
pa14,pn5,hasAuthor
pa14,pn6,hasAuthor
pa14,pn7,hasAuthor
s21,pa14,identifies
s21,ps67,movesTo
s21,j1,inVenue
e232,s21,notifies
e233,pn1,sentBy
e233,pn3,receivedBy
e233,pn4,receivedBy
e233,pn2,receivedBy
e233,t216,partOf
pa14,pn1,hasAuthor
pa14,pn3,hasAuthor
pa14,pn4,hasAuthor
pa14,pn2,hasAuthor
e233,pa14,identifies
e233,ps68,movesTo
e233,j1,inVenue
e233,e233,notifies
e234,pn3,sentBy
e234,pn1,receivedBy
e234,pn4,receivedBy
e234,pn2,receivedBy
e234,t217,partOf
e234,tk78,mentions
e234,tk79,mentions
e235,pn4,sentBy
e235,pn1,receivedBy
e235,pn3,receivedBy
e235,pn2,receivedBy
e235,t218,partOf
e235,j1,mentions
e235,pa1,mentions
e235,tk1,mentions
e235,d4,mentions
s1,pa1,identifies
s1,j1,inVenue
e236,c9,sentBy
e236,pn1,receivedBy
e236,t219,partOf
s22,pa18,identifies
s22,ps69,movesTo
s22,c9,inVenue
e236,s22,notifies
e237,pn2,sentBy
e237,pn1,receivedBy
e237,t220,partOf
e237,s23,notifies
s23,pa19,identifies
e237,tk80,mentions
e237,d50,mentions
e237,mg155,notifies
e238,pn1,sentBy
e238,pn2,receivedBy
e238,pn3,receivedBy
e238,pn4,receivedBy
e238,t221,partOf
e238,mg156,notifies
e239,pn4,sentBy
e239,pn1,receivedBy
e239,pn2,receivedBy
e239,pn3,receivedBy
e239,t221,partOf
e239,tk81,mentions
e239,d51,mentions
e239,mg157,notifies
e240,pn2,sentBy
e240,pn1,receivedBy
e240,pn3,receivedBy
e240,pn4,receivedBy
e240,t222,partOf
e240,mg158,notifies
e240,tk81,mentions
e240,tk82,mentions
e240,d52,mentions
e240,d53,mentions
e240,d54,mentions
d52,tk81,usedFor
d53,tk81,usedFor
d54,tk81,usedFor
e241,pn3,sentBy
e241,pn1,receivedBy
e241,pn2,receivedBy
e241,pn4,receivedBy
e241,t223,partOf
e241,tk83,mentions
e241,me43,mentions
e241,d55,mentions
e241,d56,mentions
me43,tk83,usedFor
d55,tk83,usedFor
d56,tk83,usedFor
e241,mg159,notifies
e242,pn1,sentBy
e242,pn3,receivedBy
e242,pn2,receivedBy
e242,pn4,receivedBy
e242,t224,partOf
e242,me43,mentions
e242,d56,mentions
e242,mg160,notifies
me43,d56,uses
e243,pn4,sentBy
e243,pn1,receivedBy
e243,pn2,receivedBy
e243,pn3,receivedBy
e243,t225,partOf
e243,me43,mentions
e243,d56,mentions
e243,mg161,notifies
e244,pn2,sentBy
e244,pn1,receivedBy
e244,pn3,receivedBy
e244,pn4,receivedBy
e244,t226,partOf
e244,me43,mentions
e244,d10,mentions
e244,d57,mentions
e244,mg159,notifies
e244,tk84,mentions
e244,mt17,mentions
me43,tk84,usedFor
d10,tk84,usedFor
d57,tk84,usedFor
mt17,tk84,evaluates
e245,pn1,sentBy
e245,pn2,receivedBy
e245,pn3,receivedBy
e245,pn4,receivedBy
e245,t227,partOf
e245,me43,mentions
e245,d56,mentions
e245,pa20,mentions
e245,c1,mentions
me43,d56,uses
me43,tk85,usedFor
e246,pn3,sentBy
e246,pn1,receivedBy
e246,pn2,receivedBy
e246,pn4,receivedBy
e246,t228,partOf
e246,me43,mentions
e246,d56,mentions
e246,mt18,mentions
e246,mt19,mentions
me43,d56,uses
me43,tk86,usedFor
mt18,tk86,evaluates
mt19,tk86,evaluates
e247,pn1,sentBy
e247,pn2,receivedBy
e247,pn3,receivedBy
e247,pn4,receivedBy
e247,t229,partOf
e247,pa21,mentions
e247,me43,mentions
e247,mt18,mentions
e247,mt19,mentions
e247,d56,mentions
e247,c1,mentions
e247,j1,mentions
me43,tk87,usedFor
mt18,tk87,evaluates
mt19,tk87,evaluates
d56,tk87,usedFor
e248,pn2,sentBy
e248,pn1,receivedBy
e248,pn3,receivedBy
e248,pn4,receivedBy
e248,t230,partOf
e248,pa22,mentions
e248,me43,mentions
e248,d56,mentions
e248,mt18,mentions
e248,mt19,mentions
pa22,pn1,hasAuthor
pa22,pn2,hasAuthor
pa22,pn3,hasAuthor
pa22,pn4,hasAuthor
me43,d56,uses
mt18,pa22,evaluates
mt19,pa22,evaluates
e249,pn4,sentBy
e249,pn1,receivedBy
e249,pn2,receivedBy
e249,pn3,receivedBy
e249,t231,partOf
e249,d58,mentions
e249,d59,mentions
e249,tk88,mentions
d58,tk88,usedFor
d59,tk88,usedFor
e250,pn1,sentBy
e250,pn2,receivedBy
e250,pn3,receivedBy
e250,pn4,receivedBy
e250,t232,partOf
pa23,pn1,hasAuthor
pa23,pn2,hasAuthor
pa23,pn3,hasAuthor
pa23,pn4,hasAuthor
s24,pa23,identifies
s24,c10,inVenue
s24,ps70,movesTo
e250,me43,mentions
e250,d56,mentions
me43,d56,uses
