QUESTION_TYPE,NLQ,GOLD_ANS,GENERATED_ANS,category,EVAL_REASON
multi-hop,Has the proposal for the Temporal Sentiment Analysis project been submitted to a conference?,FALSE,"Yes. The Temporal Sentiment Analysis project was accepted for presentation at ACL 2019, as confirmed in the email from Dr. Ananya Chatterjee on 19th May 2019, which states: ""I am very pleased to inform you that our manuscript, titled 'Evaluation Pipelines and Visualization Methodologies for NLP on Noisy Historical Data,' has been successfully submitted to ACL 2019. We have received the official submission confirmation, and our Submission ID is SUB-ACL-2019-0374.""",wrong TRUE/FALSE,"The gold answer indicates the correct response is FALSE, meaning the proposal was not submitted, but the system answer claims it was submitted and even accepted. This directly contradicts the gold answer, so it is not correct or useful."
single-hop,What datasets were suggested for the Temporal Sentiment Analysis research?,"Chronicling America, British Library Digital Collections","Chronicling America newspaper archives, British Library Digital Collections, Corpus of Historical American English (COHA)","over-complete (extra, debatable)","The system answer includes the two correct datasets (Chronicling America and British Library Digital Collections) but also adds an extra dataset (COHA) that was not in the Gold Answer. Since it introduces incorrect additional information, it does not strictly satisfy the requirement compared to the Gold Answer."
multi-hop,Which institutions are the potential collaborators from for the Temporal Sentiment Analysis project?,"Stanford University, University of Oxford","Stanford University, University of Oxford, Indian Association for the Cultivation of Science (IACS)","over-complete (extra, debatable)","The system answer includes the correct institutions (Stanford University and University of Oxford) but also adds an extra institution (Indian Association for the Cultivation of Science) that is not in the Gold Answer. Since the additional information is incorrect or unsupported, the answer is not fully correct."
multi-hop,Which method is proposed for Temporal Sentiment Analysis in the collaborative project?,Transformer-based models,"The proposed method for Temporal Sentiment Analysis in the collaborative project involves:

- Developing temporal embeddings to capture sentiment shifts over time in archival texts.
- Exploring historical lexicons to address diachronic language changes.
- Comparing Transformer-based models (e.g., BERT, GPT) with traditional techniques like LSTM and CRFs.
- Implementing a chronological split (by decade) for evaluation, rather than a random split, to better assess temporal consistency.
- Establishing baselines with LSTM and lexicon-based approaches, then benchmarking Transformer models and their diachronic variants.

These methods are designed to detect sentiment and understand its evolution across historical periods using large-scale archival datasets.",wrong value / hallucination,The question asks specifically which method is proposed; the gold answer is simply 'Transformer-based models'. The system answer describes a broader methodology and mentions comparing transformer-based models to others rather than clearly stating that transformer-based models are the proposed method. It is not a concise or direct match to the gold answer.
multi-hop,Which task is Dr. Ananya Chatterjee working on with Prof. Ramesh Bhatia and Sunita Sen?,Temporal Sentiment Analysis,"Dr. Ananya Chatterjee is working with Prof. Ramesh Bhatia and Sunita Sen on expanding and revising Section 4.2 of their JOCCH manuscript to include a new use case from outside the UK/EU/India triad, specifically incorporating the National Library of Israel (NLI) as an additional cross-border archival compliance case study. They are collaboratively drafting this section, integrating comparative legal and workflow analysis, and aligning it with reviewer requests for broader jurisdictional coverage and more granular detail on consent, anonymization, and data sharing protocols.",wrong value / hallucination,"The system answer does not mention 'Temporal Sentiment Analysis' at all and instead describes a different, unrelated task. Therefore it does not correctly satisfy the user’s question compared to the Gold Answer."
reasoning,"Does Dr. Ananya Chatterjee have any meetings scheduled before April 8th, 2019?",Yes,No.,wrong value / hallucination,"The gold answer indicates that Dr. Ananya Chatterjee does have meetings scheduled before April 8th, 2019, while the system answer says she does not. This is directly contradictory, so the system answer is incorrect and not useful."
multi-hop,What are the main datasets being used for the Temporal Sentiment Analysis project?,"Chronicling America, British Library Digital Collections, Corpus of Historical American English (COHA)","Chronicling America, British Library Digital Collections",partial (missing items),"The system answer is incomplete; it omits the 'Corpus of Historical American English (COHA)' dataset listed in the Gold Answer, so it does not fully satisfy the user’s question."
not available,"What is the outcome of the meeting scheduled for April 6th, 2019, regarding Temporal Sentiment Analysis?",Not available,"The meeting on April 6th, 2019, regarding Temporal Sentiment Analysis resulted in the following outcomes:

- Agreement to use the “Chronicling America” and “British Library Digital Collections” datasets for sentiment analysis.
- The team will develop temporal embeddings and investigate historical lexicons for language change.
- Evaluation metrics will include accuracy, F1-score, a temporal consistency score, and interpretability methods.
- Next steps include initial experiments with dataset implementation and defining a timeline for results.
- Action items were assigned: Sunita (data processing), Michael (preliminary analyses), Ananya (evaluation methods), and Ramesh (coordination and oversight).",FABRICATED (gold = not available),"The gold answer indicates that the outcome is not available, while the system answer fabricates detailed meeting outcomes. Therefore, it does not contain correct information relative to the gold answer."
single-hop,What datasets are being used for the Temporal Sentiment Analysis project?,"Chronicling America
British Library Digital Collections
Corpus of Historical American English (COHA)
datasets",The datasets being used for the Temporal Sentiment Analysis project are the “Chronicling America” newspaper archives and the “British Library Digital Collections.”,partial (missing items),"The system answer only mentions two datasets (Chronicling America and British Library Digital Collections) and omits the Corpus of Historical American English (COHA), which is included in the Gold Answer. Therefore, it is incomplete and not fully correct."
multi-hop,Which metrics are being used to evaluate the Temporal Sentiment Analysis project?,"Accuracy, F1-score, temporal consistency score","The metrics being used to evaluate the Temporal Sentiment Analysis project are accuracy, F1-score, temporal consistency score, and methods for interpretability.","over-complete (extra, debatable)","The system answer adds an extra metric, 'methods for interpretability,' which is not in the Gold Answer. The presence of this additional, incorrect information means it does not strictly match the expected answer."
single-hop,For which task did Dr. Michael Bradley use the Chronicling America dataset?,"
Temporal Sentiment Analysis project,
Michael's demonstration of OCR/post-processing pipeline (using shared Chronicling America samples),
manual verification to ensure high textual fidelity and alignment with dual metadata mapping policies","Dr. Michael Bradley used the Chronicling America dataset for initial work and analyses in the context of the ""Temporal Sentiment Analysis in Historical Archives"" project, specifically focusing on materials between 1880 and 1950 to analyze sentiment lexicon usage across decades and to benchmark NLP models for historical text analysis.",partial (missing items),"The system answer only mentions the Temporal Sentiment Analysis project and some related analysis, but it omits the other explicitly listed tasks from the gold answer: Michael's OCR/post-processing pipeline demonstration using Chronicling America samples and the manual verification for textual fidelity and metadata mapping. Since it does not cover all the tasks specified in the gold answer, it is not fully correct."
reasoning,Did Dr. Ananya Chatterjee contribute to task of model interpretability?,TRUE,Not available,missed (said not-available),"The gold answer indicates that the correct response is TRUE, but the system answer says 'Not available' and does not confirm this. Therefore, it does not provide the correct information to satisfy the user's question."
not available,What is the dataset used for diachronic analysis in the project?,Not available,"The project uses multilingual historical newspaper corpora—including 19th-century Bengali, English, Urdu, Oriya, and Tamil newspaper datasets—for diachronic analysis. Specific references include the “Bengal Gazette,” “Madras Chronicle,” and additional annotated historical newspapers, as well as subcorpora from the Indian Newspapers corpus, British Colonial Proceedings, and US Immigration Letters.",FABRICATED (gold = not available),"The gold answer indicates that the information is not available, but the system answer fabricates a specific dataset description. Therefore, it does not provide correct information relative to the gold standard."
reasoning,Is Sunita Sen involved in researching interpretability techniques specific to NLP on historical texts?,FALSE,Yes.,wrong TRUE/FALSE,"The gold answer states that the correct response is FALSE, meaning Sunita Sen is not involved in that specific research. The system answer says 'Yes,' which directly contradicts the gold answer and is therefore incorrect and not useful."
single-hop,What specific OCR correction tool is Sunita Sen using to address the challenges in her dataset processing?,OCR correction,"Sunita Sen is considering integrating an OCR correction tool but has not specified a particular tool she is using. She mentions seeking recommendations for reliable resources or workflows for OCR correction in large-scale historical textual projects. Michael Bradley later suggests tools like Tesseract in combination with post-correction frameworks such as ‘ocropy’ or deep learning–based approaches (e.g., Project LaVa), but there is no indication that Sunita has implemented any specific tool herself.",missed (said not-available),"The gold answer states clearly that the specific OCR correction tool being used is simply 'OCR correction.' The system answer instead claims she has not specified any particular tool and only discusses possibilities and suggestions from others. This contradicts the gold answer and does not provide the correct specific tool, so it is not useful."
not available,What dataset was used in the preprocessing workflow for digitized documents at Stanford Library?,Not available,Stanford Library pamphlets,FABRICATED (gold = not available),"The gold answer indicates that the correct information is not available, while the system answer asserts a specific dataset ('Stanford Library pamphlets') that is unsupported. Therefore, the system answer does not match the expected answer and is not correct."
multi-hop,Which dataset is being used by Sunita Sen for OCR correction method?,Chronicling America subset (1890–1900),19th-century Bengali and English periodicals segment,wrong value / hallucination,"The system answer is incorrect. The gold answer specifies 'Chronicling America subset (1890–1900),' while the system answer mentions '19th-century Bengali and English periodicals segment,' which is a different dataset."
not available,What is the venue for the meeting scheduled on 23rd April?,Not available,Google Meet (https://meet.google.com/nmt-ksqj-bve),FABRICATED (gold = not available),"The gold answer indicates that the venue information is not available, while the system provides a specific venue (Google Meet link). Since the gold standard says the information is not available, the system’s answer is not considered correct."
multi-hop,Which task is Dr. Michael Bradley planning to demonstrate during the meeting?,OCR/post-processing pipeline demonstration,"Dr. Michael Bradley is planning to demonstrate the evaluation framework and experimental results, specifically focusing on the evaluation methodology—including metric selection, baselines, and error analysis—for the JCDL 2023 presentation.",wrong value / hallucination,"The system answer is incorrect. The gold answer states that Dr. Michael Bradley plans to demonstrate the OCR/post-processing pipeline, but the system answer instead describes an evaluation framework and experimental results for a JCDL 2023 presentation, which does not match the specified task."
single-hop,"Which tasks involve the dataset of ""british library""?","Temporal Sentiment Analysis in Historical Archives
Temporal Sentiment Analysis project
sentiment analysis
initial data processing
sentiment lexicon usage analysis
extraction of clean sentences for analysis
Cross-Dataset Generalizability
manual verification to ensure high textual fidelity and alignment with dual metadata mapping policies","The tasks involving the ""british library"" dataset include:

- Expanding the dataset index and licensing table to explicitly annotate licensing categories, DOIs, and usage permissions for each corpus, including British Library collections (see Ananya’s updates and the “JOCCH_Dataset_Index_v3.xlsx”).
- Integrating British Library datasets as part of the cross-lingual and historical corpora used for benchmarking, annotation, and evaluation in the semantic drift detection and historical NLP pipeline (see Michael’s and Sunita’s references to benchmarking and annotation protocols).
- Addressing reviewer requests for more granular benchmarking and error analysis by language and time period, which includes British Library data as a key source for English and other historical language segments (see Michael’s evaluation metrics and error analysis drafts).
- Documenting licensing, provenance, and compliance protocols for British Library datasets in the legal/compliance appendix and in the main text’s data availability and methodology sections (see Sunita’s and Ramesh’s compliance and licensing updates).
- Referencing British Library datasets in the supplementary materials, provenance tables, and in the context of annotation reliability and cross-institutional data sharing (see Sunita’s and Ananya’s integration of provenance tables and dataset documentation).

In summary: dataset indexing, licensing annotation, benchmarking, annotation, evaluation, compliance documentation, and provenance integration all involve the British Library dataset.","over-complete (extra, debatable)","The system answer does not mention any of the specific tasks from the gold answer (e.g., temporal sentiment analysis, sentiment lexicon usage analysis, extraction of clean sentences, cross-dataset generalizability, manual verification, etc.). Instead, it talks about indexing, licensing, benchmarking, and compliance, which are unrelated to the listed gold tasks. Therefore it does not correctly satisfy the user’s question."
not available,What are the evaluation metrics suggested for the baseline model?,Not available,"The evaluation metrics suggested for the baseline model are:  
- Character/Error Rates (CER and WER)  
- Token-level accuracy  
- F1 score  
- Adjusted historical vocabulary recall  
- Provenance-based metrics (measuring fidelity of date/location extraction from noisy versus cleaned text)  

These are to be used in both intrinsic and extrinsic evaluation, with additional stretch goals including chronology prediction and cross-dataset generalizability.",FABRICATED (gold = not available),"The gold answer is listed as 'Not available', which indicates that there is no reference information about what the correct evaluation metrics are. The system answer invents specific metrics without any grounding in a known gold response, so we cannot verify its correctness against the expected answer. Therefore, it cannot be judged as providing the same correct information as the gold answer."
not available,What is the publication year of the paper discussing the dual metadata mapping policies?,Not available,2022,FABRICATED (gold = not available),"The gold answer indicates the publication year is not available, while the system answer confidently gives a specific year (2022). This conflicts with the gold answer, so it is not correct or useful."
not available,What evaluation metrics are being used by Prof Ramesh Bhatia for the task of manuscript integration?,Not available,"The evaluation metrics being used by Prof. Ramesh Bhatia for the task of manuscript integration are:

- Internal consistency
- Figure and table placements
- Reference integrity
- Supplementary documentation completeness

These are confirmed in his review of the final submission package, where he states: ""I have completed my checklist regarding internal consistency, figure and table placements, reference integrity, and supplementary documentation."" (See: MAILE1V9B4WF, 18th October 2024)",FABRICATED (gold = not available),"The gold answer indicates that the information is not available, but the system answer fabricates specific evaluation metrics and a citation. Therefore, it does not provide correct information relative to the gold answer and is not useful."
multi-hop,"Which conferences are being considered for the submission of the paper ""Deploying Synthetic Preview and Embargo Protocols for Multilingual Historical NLP Resources""?","ACL 2021, ACL 2021 Resource Track","ACL 2022, JOCCH, EMNLP",wrong value / hallucination,"The system answer does not mention ACL 2021 or ACL 2021 Resource Track, and instead lists different venues (ACL 2022, JOCCH, EMNLP). Therefore it does not provide the correct information."
reasoning,Is Sunita Sen available for a meeting on 3rd May at 3 PM IST?,TRUE,Not available.,missed (said not-available),"The gold answer indicates that Sunita Sen IS available (TRUE), while the system answer says she is not available. This directly contradicts the gold answer, so it is not correct or useful."
multi-hop,Which paper of the team got published in JCDL 2022 ?,Cross-Institutional Protocols for Metadata and Embargo: An Integrated FAQ Annex,“Cross-Jurisdictional Protocols in NLP: FAQ Annexation for Multilingual Historical Media”,wrong value / hallucination,"The system answer gives a completely different paper title from the gold answer. It does not mention 'Cross-Institutional Protocols for Metadata and Embargo: An Integrated FAQ Annex', so it does not correctly identify the paper published in JCDL 2022."
multi-hop,What comparative methods do Ramesh Bhatia work with?,"comparative NLP analysis
comparative protocol table
legal comparative table
comparative legal matrix","Ramesh Bhatia works with comparative legal protocol matrices and regulatory analysis methods, particularly focusing on cross-jurisdictional data-sharing protocols, compliance frameworks, and archival annotation standards. He develops side-by-side tables comparing data protection laws and consent/anonymization requirements across India (including the India Data Protection Bill), the EU/UK (GDPR and heritage exceptions), the US, and additional non-Western contexts such as Japan and Chile. He also synthesizes and annotates differences and similarities in compliance workflows, integrating these comparative analyses into both main text and appendices for multi-institutional NLP projects on historical corpora.",wrong value / hallucination,"The system answer does not mention the specific comparative methods listed in the gold answer (comparative NLP analysis, comparative protocol table, legal comparative table, comparative legal matrix). It instead describes broader legal and regulatory comparative work without explicitly naming or aligning with those methods, so it does not correctly satisfy the question as defined by the gold answer."
multi-hop,Has the pilot annotation exercise been submitted to a conference?,FALSE,"Yes. The pilot annotation exercise and its associated workflow, compliance protocols, and lessons learned have been submitted and accepted for presentation at ACL 2024, as documented in the following emails:

- The submission “Generalizing Protocol Harmonization in Under-Resourced Historical NLP: Methods, Legal Interoperability, and Error Analysis” (Submission ID: SUB-ACL-2024-0483) was accepted for presentation at ACL 2024 (see the decision notification dated 16th April 2024).
- The manuscript and supplementary materials include detailed discussion of the annotation workflow, pilot study results, and compliance protocols, as referenced in the revision and camera-ready preparation emails.

Therefore, the pilot annotation exercise has been submitted to and accepted at ACL 2024.",wrong TRUE/FALSE,"The gold answer indicates the correct response is FALSE, meaning the pilot annotation exercise has not been submitted to a conference. The system answer explicitly states that it has been submitted and accepted to ACL 2024, which directly contradicts the gold answer. Therefore, the system answer is incorrect and not useful."
reasoning,"Was the paper ""NLP Methods for Historical Data: Provenance and Bias Mitigation"" submitted to EMNLP?",FALSE,Not available,missed (said not-available),"The gold answer states the paper was not submitted to EMNLP (FALSE). The system answer 'Not available' does not provide this information and does not answer the question, so it is not useful."
multi-hop,What are the metrics used to evaluate the LIME and SHAP models?,"explanation consistency scores, faithfulness indices, stability of explanations, qualitative assessment of explanations",The metrics used to evaluate the LIME and SHAP models are explanation consistency scores and faithfulness indices.,partial (missing items),"The system answer is incomplete. It only mentions explanation consistency scores and faithfulness indices, but omits stability of explanations and qualitative assessment of explanations, which are also required metrics according to the Gold Answer."
reasoning,Is there a deadline for feedback on the annotation instructions?,"Yes, feedback is requested by 7th May 2019.","Yes. In the message dated 10th August 2023, Sunita Sen requests feedback on the draft annotation guidelines prior to the peer review phase (starting 11 May). She asks for constructive feedback from everyone before that date, specifically stating: ""I welcome constructive feedback from everyone prior to our peer review phase (starting 11 May). If you feel targeted comments are warranted, please use the 'Suggesting' mode within the Drive document or reply-all here with consolidated suggestions.""",wrong value / hallucination,"The system answer does not mention the correct deadline of 7th May 2019. It gives a different and later time frame (before 11 May) and different dates entirely, so it does not provide the correct information compared to the Gold Answer."
not available,What dataset is being used for the historian review component in the interpretability evaluation?,Not available,"The dataset being used for the historian review component in the interpretability evaluation is a subset of the corpus from both the Chronicling America and British Library collections, specifically a carefully curated “clean” subset that has been processed using an OCR correction pipeline and manually verified for high textual fidelity and alignment with dual metadata mapping policies. This subset is referenced as the basis for the interpretability evaluation and the historian annotation pilot.",FABRICATED (gold = not available),"The gold answer indicates that the information is not available, meaning the correct response should reflect that the dataset is unspecified. The system answer instead invents a specific dataset description, which is not supported and therefore incorrect."
single-hop,What are the specific NLP methods mentioned in the annotation protocol?,"large-scale historical NLP efforts, NLP processing, NLP, multilingual and low-resource historical NLP pipelines, NLP tools, HistocrNLP, open and reproducible NLP for historical texts, HistocrNLP—Reproducible NLP Pipeline for Historical Corpora, comparative NLP analysis, NLP Methods for Historical Data, Multilingual NLP, multilingual NLP framework, multilingual historical NLP methods, NLP-based framework, NLP for historical data, cross-institution protocols for multilingual NLP, cross-lingual historical NLP pipeline, ethical data handling in historical NLP workflows, NLP methods, recent EMNLP benchmark, NLP pipeline, historical corpus NLP, NLP Pipelines, historical NLP pipelines, archival NLP, NLP research on historical data","The specific NLP methods mentioned in the annotation protocol include:

- Semantic entity adjudication (with a focus on entity and relation definitions, including historical text nuances)
- Named Entity Recognition (NER) and normalization workflows
- Annotation reliability assessment using inter-annotator agreement metrics (Cohen’s Kappa, F1, Krippendorff’s alpha)
- Provenance checkpointing and metadata tracking for annotation events
- Error analysis and benchmarking (including per-language precision, recall, and F1 score calculations)
- Cross-lingual and mixed-script annotation handling (with explicit code-switch markers)
- Annotation workflow automation (including compliance checkpoints and consent revalidation steps)
- Use of workflow diagrams to represent manual/automated annotation, legal review, embargo entry, and open release stages

These methods are documented in the annotation guidelines, workflow diagrams, and supplementary materials referenced throughout the manuscript and appendices.",wrong value / hallucination,"The system answer lists general annotation and evaluation procedures (e.g., NER, inter-annotator agreement) that do not match the specific NLP methods enumerated in the Gold Answer (e.g., large-scale historical NLP efforts, multilingual historical NLP pipelines, HistocrNLP, archival NLP, etc.). It neither mentions these terms nor equivalent concepts, so it does not satisfy the user’s question compared to the Gold Answer."
multi-hop,"Which conferences are being considered for submission of the paper ""Multilingual Historical Corpora for Semantic Drift Detection: A Hybrid Evaluation Approach""?",JCDL 2023,"JCDL, ACL, EMNLP","over-complete (extra, debatable)","The gold answer specifies only JCDL 2023, while the system lists multiple conferences (JCDL, ACL, EMNLP) and does not restrict to JCDL 2023. This introduces incorrect extra information, so it does not match the expected answer."
single-hop,What is the date for the ACL submission task?,2019-05-28,27th January 2025,wrong value / hallucination,"The system answer provides a completely different date (27th January 2025) instead of the correct submission date (2019-05-28), so it does not satisfy the user’s question."
reasoning,Is Dr Katherine Liu working on her annotation work with Dr Ajay Patel?,TRUE,Not available.,missed (said not-available),"The gold answer indicates the correct response is TRUE, but the system answer provides no information. Therefore, it does not satisfy the user’s question."
multi-hop,What dataset was used for the annotation process in the email?,"Zenodo, annotated dataset, sample annotation guidelines, NDLI, supplementary annotation logs, edge cases, inter-annotator metadata, Bengal Gazette, Madras Chronicle, annotation packets, multi-lingual dataset, datasets, stanford_annotations_may2019, Stanford ContinuingReview_Sample.pdf, Europeana","Bengali, Urdu, Oriya, and Tamil historical corpora (including the Indian Newspapers corpus, British Colonial Proceedings, and US Immigration Letters)",wrong value / hallucination,"The system answer does not mention the specific datasets listed in the Gold Answer (e.g., Zenodo, NDLI, Bengal Gazette, Europeana, etc.) and instead names unrelated historical corpora. It therefore does not contain the correct information needed to satisfy the user’s question."
reasoning,Did Dr. Ananya Chatterjee attend the coordination call on 15th December 2021?,TRUE,Not available,missed (said not-available),"The gold answer states that Dr. Ananya Chatterjee did attend the coordination call (TRUE), while the system answer says the information is not available. This contradicts the gold answer and does not provide the correct information."
single-hop,Is Dr Liu affiliated with Stanford University?,FALSE,"No evidence in the provided emails indicates that Dr. Liu is affiliated with Stanford University. The only Dr. Liu mentioned is Dr. Katherine Liu, described as a digital history collaborator at Stanford, but not explicitly stated as being affiliated with Stanford University. Therefore, based on the emails, the answer is: Not available.",missed (said not-available),"The gold answer is FALSE, indicating we know Dr. Liu is not affiliated with Stanford. The system answer says the affiliation is 'Not available' based on the emails, which is an uncertain/unknown conclusion rather than stating it is false. Therefore it does not correctly match the gold answer."
not available,What feedback did Dr Patel provide for the synthesis meeting?,Not available,"Dr. Patel provided detailed annotation feedback highlighting both the strengths and ambiguities of the LIME/SHAP explanations, with pointed suggestions regarding alignment with the historical source text and the perceived trustworthiness of certain output segments, especially where OCR artifacts interact with model confidence levels.",FABRICATED (gold = not available),"The gold answer indicates that the information is not available, but the system answer invents specific feedback details from Dr. Patel. This is not supported and does not match the gold answer, so it is not correct or useful."
multi-hop,Which task involves integrating historian workflow with model caveats?,Draft integration phase task involves integrating historian workflow with model caveats.,"The task involving integrating historian workflow with model caveats is the preparation and inclusion of ""short 'model caveat' flags alongside output"" in the annotation workflow, as discussed in the synthesis meeting minutes (see 7 May 2019, Thread ID: KRRQWM). Reviewers and external annotators specifically requested actionable insights centered on historian workflow integration, with requests for short “model caveat” flags to be provided alongside model output.",wrong value / hallucination,"The system answer does not mention the ""Draft integration phase task"" explicitly and instead describes a different-sounding activity. It therefore does not correctly identify the task as stated in the Gold Answer."
not available,What are the quantitative metrics used to evaluate the trust in model explanations?,Not available,"The quantitative metrics used to evaluate the trust in model explanations, as described in the project’s workflow and reviewer responses, include:

- Inter-annotator agreement metrics (such as Cohen’s kappa and Krippendorff’s alpha) to assess annotation reliability and consensus on explanation quality.
- F1 score, precision, and recall, disaggregated by language and time period, to measure the accuracy and consistency of model outputs and their explanations.
- Error analysis tables and confusion matrices, which provide statistical insight into where model explanations align or diverge from human annotator judgments.
- Evaluation of explanation consistency and faithfulness indices (as referenced in the interpretability memo and reviewer feedback), which quantify how stable and accurate the explanations are across different data subsets and in the presence of OCR noise or ambiguous input.

These metrics are used both in the main manuscript and in supplementary materials to provide a robust, quantitative assessment of trust in model explanations for historical NLP tasks.",FABRICATED (gold = not available),"The gold answer is marked as not available, meaning we cannot verify the specific metrics from a reference answer. The system answer confidently invents detailed, specific metrics and context (e.g., references to a particular project workflow, interpretability memo, OCR noise) without any grounding in the gold answer. Since there is no evidence that these are the correct metrics for this question, the response cannot be judged as correct relative to the gold answer and should be treated as not useful/incorrect rather than as an acceptable alternative."
reasoning,Is Sunita Sen responsible for the use of original annotator codes data for the task of bar chart breakdown?,FALSE,Not available,missed (said not-available),"The gold answer is FALSE, but the system answer is 'Not available', which does not state that the claim is false and therefore does not provide the correct information."
not available,What is the affiliation of Dr Liu mentioned in the synthesis meeting minutes?,Not available,Dr. Liu is affiliated with Stanford.,FABRICATED (gold = not available),"The gold answer indicates that the affiliation is not available, but the system provides a specific affiliation (Stanford), which is unsupported and likely incorrect given the gold. Therefore, the system answer does not satisfy the question compared to the gold answer."
reasoning,Does Prof. Ramesh Bhatia work with color palette for visualizations?,FALSE,"Yes. Prof. Ramesh Bhatia reviews and provides feedback on color palette and color-coding for visualizations, especially in the context of workflow diagrams and figure legends, as seen in his suggestions for improving color contrast, legend clarity, and the use of color-coded highlights for compliance and data points (see, e.g., emails dated 17 October 2023, 19 November 2024, and 18 October 2024).",wrong TRUE/FALSE,"The Gold Answer says the correct response is FALSE, but the system answer explicitly says ""Yes"" and describes Prof. Bhatia working with color palettes. This directly contradicts the Gold Answer, so it is not correct or useful."
multi-hop,Which conferences are the visualizations being prepared for in the context of the email?,"ACL, EMNLP","JCDL 2022, ACL 2024",wrong value / hallucination,"The system answer lists different conferences (JCDL 2022, ACL 2024) than the gold answer (ACL, EMNLP), so it does not correctly satisfy the user’s question."
not available,What are the specific datasets used for the visualizations mentioned in the email?,Not available,"The specific datasets used for the visualizations mentioned in the email are:

- NDLI (National Digital Library of India) corpus
- Europeana sub-corpora
- Indian Newspapers corpus
- British Colonial Proceedings
- US Immigration Letters
- National Library of Israel (NLI) YIVO collection
- Chilean National Library (BNCh) datasets
- 19th-century Bengali literature subset
- Bengal Gazette
- Madras Chronicle

These datasets are referenced in the context of annotation, compliance, and evaluation visualizations throughout the email thread.",FABRICATED (gold = not available),"The gold answer indicates that the information is not available, but the system answer fabricates a detailed list of specific datasets. Since these details are not supported and contradict the gold answer, the system answer is not correct or useful."
reasoning,Did Sunita Sen contribute to the selection of exemplar explanatory segments?,FALSE,Yes.,wrong TRUE/FALSE,"The gold answer indicates the correct response is FALSE, meaning Sunita Sen did not contribute. The system answered 'Yes', which directly contradicts the gold answer. Therefore, it is not correct or useful."
not available,Which datasets were used for the Faithfulness/Clarity Heatmaps?,Not available,The Faithfulness/Clarity Heatmaps were generated using Documents C and F from the project’s historical corpus.,FABRICATED (gold = not available),"The gold answer indicates that the information is not available, while the system answer fabricates specific datasets (Documents C and F). Therefore, it does not provide correct information and is not useful."
not available,What is the title of the paper related to these visualization drafts?,Not available,Annotation Strategies and Workflow Transparency for 19th-Century Bengali-English Historical Texts,FABRICATED (gold = not available),"The gold answer indicates that the correct title is not available. The system answer provides a specific paper title that is not supported by the gold answer, so it cannot be considered correct or useful relative to the expected response."
not available,What dataset was used for the visualization figures discussed in the email?,Not available,"Bengali (12%), Urdu (9%), and minor entries in Oriya and Tamil, with detailed archival provenance; also includes datasets from the National Library of Israel (YIVO collection), National Diet Library of Japan, and Biblioteca Nacional de Chile.",FABRICATED (gold = not available),"The gold answer indicates that the information is not available, while the system answer fabricates specific datasets. Therefore, it does not correctly satisfy the user’s question."
multi-hop,Which person is suggested to have contributed to the NLP evaluation on noisy historical data through annotator disagreements?,Sunita Sen,Dr. Michael Bradley,wrong value / hallucination,"The system answer is incorrect because it names Dr. Michael Bradley, while the expected correct person is Sunita Sen."
not available,What is the title of the paper that includes the visualization assets discussed in the email?,Not available,"“Practical Workflows for NLP on International Historical Archival Data: Legal, Technical, and Community Lessons Learned”",FABRICATED (gold = not available),"The gold answer indicates the correct response is not available, so the system’s specific paper title cannot be verified as correct. Therefore, it does not satisfy the user’s question compared to the Gold Answer."
single-hop,Which task was Dr. Michael Bradley responsible for in the manuscript preparation?,Camera-ready manuscript preparation,"Dr. Michael Bradley was responsible for the evaluation metrics revision, including generating disaggregated benchmarking tables, drafting the new subsection addressing F1 score variance, preparing updated visualizations (such as per-language precision/recall bar charts and a timeline-based error distribution figure), and expanding the section on annotation metadata limitations. He also contributed the multi-author version management template, reviewer feedback handling protocols, and glossary for unified terminology.",wrong value / hallucination,"The system answer does not state that Dr. Michael Bradley was responsible for camera-ready manuscript preparation. It provides different responsibilities, so it does not match the Gold Answer."
single-hop,"What conference is the paper ""Evaluation Pipelines and Visualization Methodologies for NLP on Noisy Historical Data"" intended for submission?",ACL 2019,ACL (with EMNLP as backup),"over-complete (extra, debatable)","The system answer is not fully correct because it introduces additional, incorrect information (EMNLP as backup) that is not in the gold answer. The gold answer specifies ACL 2019 as the intended conference, while the system omits the year and adds an extra conference, so it does not precisely match the expected answer."
reasoning,Is the manuscript draft ready for pre-submission administrative checks according to Sunita Sen?,FALSE,Yes.,wrong TRUE/FALSE,"The gold answer indicates the correct response is FALSE, meaning the manuscript is not ready. The system answered 'Yes', which contradicts the gold answer, so it is not correct or useful."
multi-hop,What datasets are evaluated by the metrics that Sunita Sen works with?,"annotated corpora
NER annotation set
topical annotation set
first dataset summaries","The datasets evaluated by the metrics that Sunita Sen works with include:

- Indian Newspapers corpus
- British Colonial Proceedings
- US Immigration Letters
- 19th-century Bengali literature subset
- Bengal Gazette (supplementary dataset, with embargoed segments)
- Madras Chronicle (supplementary dataset, with embargoed segments)
- NDLI (National Digital Library of India) datasets
- Datasets from Indian regional archives (including West Bengal State Archives)
- UK/EU datasets (referenced for cross-regional comparison)
- National Library of Israel (NLI) YIVO collection (as an additional cross-border use case)
- Japanese (National Diet Library) and Chilean (Biblioteca Nacional de Chile) historical corpora (for comparative legal and annotation workflow analysis)

These datasets are referenced in the context of annotation reliability, cross-border compliance, and benchmarking in Sunita Sen’s methodological and evaluation work.",wrong value / hallucination,"The gold answer specifies particular types of datasets/annotation sets: annotated corpora, NER annotation set, topical annotation set, and first dataset summaries. The system answer instead lists a variety of specific corpora and archives that are not mentioned in the gold answer and does not identify the required annotation sets or dataset types. Therefore, it does not provide the correct information needed to satisfy the user’s question."
multi-hop,What is the target conference for the paper being prepared by Dr. Ananya Chatterjee and her team?,ACL 2019,ACL 2024,wrong value / hallucination,"The system answer gives a different conference year (ACL 2024) than the correct one (ACL 2019), so it does not provide the correct information."
reasoning,Is there a plan to submit the paper before June 2019?,TRUE,No.,wrong TRUE/FALSE,"The gold answer indicates the correct response is TRUE (there is a plan to submit the paper before June 2019), while the system answered 'No', which contradicts the gold answer. Therefore, it is not correct or useful."
reasoning,Did Ananya Chatterjee submit any papers to conferences in 2019?,TRUE,Not available.,missed (said not-available),"The gold answer indicates that the correct response is TRUE, but the system answer says 'Not available,' which does not provide the correct information or confirm that Ananya Chatterjee submitted papers in 2019."
multi-hop,What is the title of the paper submitted to ACL 2019 by the team including Dr. Michael Bradley and Dr. Ananya Chatterjee?,Not available,Evaluation Pipelines and Visualization Methodologies for NLP on Noisy Historical Data,FABRICATED (gold = not available),"The gold answer indicates that the correct title is not available, while the system provides a specific paper title without supporting evidence. Therefore, it cannot be confirmed as correct and does not match the gold answer."
not available,What dataset is planned to be released in conjunction with the ACL 2019 paper?,Not available,"The dataset planned for release in conjunction with the ACL 2019 paper is an annotated historical corpus from South Asian colonial newspapers, specifically including the “Bengal Gazette” and “Madras Chronicle” collections.",FABRICATED (gold = not available),"The gold answer indicates that the information is not available, but the system invents a specific dataset. This is incorrect and not aligned with the gold answer, so it is not useful."
multi-hop,Which conferences were mentioned in the email thread involving Sunita Sen?,ACL 2019,"ACL, JCDL, EMNLP","over-complete (extra, debatable)","The gold answer specifies only ACL 2019. The system answer adds extra conferences (JCDL, EMNLP) that were not in the gold answer, so it is not correct as given."
not available,What are the specific datasets planned for phased release discussed in the meeting?,Not available,"The specific datasets planned for phased (rolling embargo) release discussed in the meeting are:
- Part II of the “Bengal Gazette”
- Part III of the “Madras Chronicle”",FABRICATED (gold = not available),"The gold answer indicates that the specific datasets are not available, but the system answer invents specific datasets. Therefore, it does not provide correct information relative to the gold answer."
reasoning,Is the meeting scheduled for 2nd June going to be attended by Sunita Sen?,TRUE,Not available.,missed (said not-available),"The gold answer indicates the correct answer is TRUE, but the system answer says 'Not available' and does not provide the correct information."
multi-hop,Which journal is targeted for the extended version of the paper after ACL feedback?,JOCCH,"ACM Journal on Computing and Cultural Heritage (JOCCH), Journal of Documentation (JDoc)","over-complete (extra, debatable)","The correct target journal is JOCCH only. The system answer adds an extra journal (Journal of Documentation) that is not mentioned in the gold answer, making it incorrect for this specific question."
not available,What is the title of the paper that will include the dataset documentation template?,Not available,Meta-Annotated Historical Texts: A Multi-Institutional Resource and Legal Protocol for South Asian Colonial Newspapers,FABRICATED (gold = not available),"The gold answer indicates that the information is not available, but the system provides a specific paper title. This is not supported by the gold answer and therefore is incorrect."
reasoning,Has the preliminary checklist for dataset compliance been uploaded by 10 June?,Not available from the email context.,Yes.,wrong value / hallucination,"The gold answer says the information is not available, while the system answer asserts 'Yes.' This is incorrect and not supported by the given context, so it does not satisfy the user's question."
single-hop,What are the OCR error cases mentioned in the dataset documentation?,"annotated corpus (late-19th-century Bengali and English periodicals segment),summary statistics and selected representative OCR error cases extraction","The OCR error cases mentioned in the dataset documentation include:

- Substitution errors (e.g., misrecognition of similar-looking characters or glyphs, such as “c” for “e” or “rn” for “m”)
- Insertion errors (extra characters or symbols introduced by the OCR engine)
- Deletion errors (omission of characters, especially in ligature-rich scripts)
- Segmentation errors (incorrect splitting or merging of words, lines, or columns, often due to irregular historical layouts)
- Script misclassification (e.g., confusion between Bengali and English scripts in mixed-script documents)
- Boundary errors (incorrect annotation of entity or word boundaries due to OCR misalignment)
- Tokenization errors (erroneous splitting or joining of tokens, especially at line breaks or hyphenated words)
- Contextual misrecognition (OCR errors exacerbated by historical spelling variants or archaic typefaces)
- Ambiguous glyphs (characters that are visually similar in historical fonts, leading to systematic misrecognition, such as “ſ” (long s) for “f” or “i” for “l”)
- Noise from marginalia, stamps, or bleed-through (non-textual artifacts misrecognized as text)

These cases are documented in the “summary statistics and illustrative cases” section, with examples and confusion matrices provided for each error type.","over-complete (extra, debatable)","The gold answer only mentions that the documentation includes summary statistics and selected representative OCR error cases extraction, without specifying any particular error types. The system answer invents a detailed taxonomy of error types and specific documentation sections that are not supported by the gold answer. Therefore it does not correctly match the information required by the user in context of the gold answer."
multi-hop,What dataset is being used for the OCR error cases in the project led by Sunita Sen?,annotated corpus (late-19th-century Bengali and English periodicals segment),The “Chronicling America” and “British Library Digital Collections” datasets are being used for the OCR error cases in the project led by Sunita Sen.,wrong value / hallucination,"The system answer is incorrect. The correct dataset is the annotated corpus of late-19th-century Bengali and English periodicals, not the “Chronicling America” and “British Library Digital Collections” datasets."
single-hop,What is the title of Sunita Sen's paper submitted under ID SUB-JOCCH-2019-0187?,Domain Adaptation and Evaluation Metrics for Historical NER and Topic Modeling across Multilingual Archives,A Harmonized NLP Dataset and Documentation Protocol for OCR’d Historical Texts,wrong value / hallucination,"The system answer gives a different paper title than the gold answer. The correct title is 'Domain Adaptation and Evaluation Metrics for Historical NER and Topic Modeling across Multilingual Archives,' but the system answered 'A Harmonized NLP Dataset and Documentation Protocol for OCR’d Historical Texts,' so it does not satisfy the user’s question."
multi-hop,Which datasets were reviewed by Dr. Ananya Chatterjee for the JOCCH expectations?,Not available,"National Library of Israel (NLI) YIVO collection, Japanese National Diet Library (NDL) datasets, Chilean National Library (BNCh) datasets, Indian and UK/EU datasets.",FABRICATED (gold = not available),"The gold answer indicates that the information is not available, but the system answer provides specific dataset names. Since this conflicts with the gold answer and cannot be verified as correct, it is not considered correct or useful."
not available,What is the submission status of the paper prepared for the internal review meeting on 16 June?,Not available,"The paper prepared for the internal review meeting on 16 June was successfully submitted as a camera-ready manuscript to JCDL 2023. The submission ID is SUB-JCDL-2023-0147, and the submission has passed technical and compliance checks, been officially acknowledged, and is queued for inclusion in the conference proceedings.",FABRICATED (gold = not available),"The gold answer indicates that the information is not available, but the system answer fabricates a detailed submission status. Therefore, it does not provide the correct information and is not useful."
multi-hop,What dataset is Sunita Sen working on for the internal review meeting?,annotated historical OCR error corpus,"19th-century Bengali-English historical texts (specifically, the annotated historical corpus including Bengali, Urdu, Oriya, and Tamil subcorpora, with detailed archival provenance and annotation logs)",wrong value / hallucination,"The system answer does not mention the key detail that it is an OCR error corpus. It instead describes 19th-century Bengali-English historical texts and multiple subcorpora, which is different from the specific “annotated historical OCR error corpus” in the gold answer."
not available,Has the dataset been prepared for submission to a journal?,Not available,Yes.,FABRICATED (gold = not available),"The gold answer indicates that the information is not available, but the system answer asserts 'Yes', which is incorrect and not supported by the gold answer."
multi-hop,What statuses has the paper 'Domain Adaptation and Evaluation Metrics for Historical NER and Topic Modeling across Multilingual Archives' passed through?,"Received, Initial checks complete, Under review, Minor Revision Required, Resubmitted, Under review, Accepted with minor revisions, Minor Revision Required, Resubmitted, Accepted pending camera-ready, Camera-ready submitted, Camera-ready received","The paper ""Domain Adaptation and Evaluation Metrics for Historical NER and Topic Modeling across Multilingual Archives"" has passed through the following statuses:

1. **Initial Submission to JOCCH** – The manuscript was submitted to the ACM Journal on Computing and Cultural Heritage (JOCCH) and received an acknowledgment of receipt and initial technical check (see emails dated 10th June 2019, 25th June 2019, and 3rd August 2019).

2. **First-Round Peer Review – Minor Revision Required** – After peer review, the paper received a decision of ""Minor Revision Required"" with specific revision requests (see email dated 3rd August 2019).

3. **Revision and Resubmission** – The authors revised the manuscript, addressed reviewer comments, and resubmitted the paper (see emails from 4th August 2019 to 15th August 2019).

4. **Second Editorial Check and Peer Review** – The revised manuscript passed editorial checks and was sent for a second round of peer review (see email dated 16th September 2019).

5. **Acceptance Pending Minor Revisions** – The paper was accepted pending minor revisions, with requests for small clarifications and formatting adjustments (see email dated 3rd November 2019).

6. **Final Camera-Ready Submission** – The authors submitted the final, camera-ready version after addressing all minor revisions (see emails from 4th November 2019 to 18th November 2019).

7. **Final Acceptance and Publication Scheduling** – The camera-ready version was accepted, and the paper was scheduled for publication in JOCCH (see emails dated 1st December 2019, 4th January 2020, and 18th January 2020).

In summary, the paper progressed through initial submission, minor revision, resubmission, further review, acceptance pending minor revisions, camera-ready submission, and final acceptance for publication.",partial (missing items),"The system answer paraphrases the process but does not list the exact sequence of formal statuses provided in the Gold Answer (e.g., it omits explicit statuses like 'Received', 'Initial checks complete', 'Under review', and the repeated cycles of 'Minor Revision Required', 'Resubmitted', etc.). Therefore it does not correctly match the required status list."
single-hop,What was the agenda of the meeting held on 6th April 2019?,"datasets for sentiment analysis (Chronicling America and British Library Digital Collections), temporal embedding methods and historical lexicons, evaluation metrics (accuracy, F1-score, temporal consistency score), and timeline for next steps","The agenda of the meeting held on 6th April 2019 was as follows:

1. Sunita's briefing on dataset harmonization progress and immediate needs
2. Michael's demonstration of OCR/post-processing pipeline (using shared Chronicling America samples)
3. Ananya's preliminary feedback on interpretability review and metadata system memo
4. Joint discussion: unified vs. dual metadata mapping schema; plan for next harmonization/annotation steps
5. Scheduling and discussion of next milestone (e.g., baseline model implementation, evaluation setup)",wrong value / hallucination,"The system answer lists a different agenda (briefings, demonstrations, discussions on metadata, and scheduling) that does not mention the specific items in the Gold Answer (datasets for sentiment analysis, temporal embedding methods, evaluation metrics, and timeline for next steps). Therefore, it does not provide the correct information."
single-hop,Which email first mentioned the Chronicling America dataset?,YT6A21,"The first email to mention the Chronicling America dataset is the one from Sunita Sen to Prof. Ramesh Bhatia on 01-04-2019, with the subject ""Proposal for Research on Temporal Sentiment Analysis in Historical Archives.""",wrong value / hallucination,"The system answer does not match the expected gold answer identifier 'YT6A21'. It instead gives a descriptive email (sender, recipient, subject, date) and no ID, so it does not provide the correct information."
multi-hop,Which papers were under review in 2019?,Domain Adaptation and Evaluation Metrics for Historical NER and Topic Modeling across Multilingual Archives,"The following papers were under review in 2019:

1. ""Provenance-Aware NLP for Historical Texts: Annotation, Compliance, and Synthetic Instance Protocols"" (Submission ID: SUB-ACL-2021-0471) – submitted to ACL 2021, with camera-ready and acceptance notifications referencing 2019 dates for session scheduling and program details.

2. ""Cross-Lingual NLP Pipelines for Historical Document Archives: A Data-driven & Inclusive Approach"" (Submission ID: SUB-JCDL-2022-1189) – submitted to JCDL 2022, with submission and review notifications referencing 2019 dates.

These papers were in the review process at ACL and JCDL during 2019, as indicated by the submission and notification dates in the correspondence.",wrong value / hallucination,"The gold answer lists a specific paper title, while the system answer lists completely different papers and does not mention the correct one. Therefore, it does not satisfy the user’s question compared to the gold answer."
multi-hop,Which researchers are working with methods for interpretability?,"Prof. Ramesh Bhatia, Dr. Ananya Chatterjee","Dr. Ananya Chatterjee, Dr. Michael Bradley, and Sunita Sen are all actively engaged in methods for interpretability, particularly in the context of historical NLP. Evidence for this includes:

- Ananya led the review and integration of interpretability analyses (e.g., LIME, SHAP) in the context of diachronic text data and contributed to the design and evaluation of interpretability protocols (see emails in threads discussing interpretability memos, technical note outlines, and compliance/annotation workflow documentation).
- Michael contributed to the technical development and evaluation of interpretability tools, including the integration of model-agnostic methods (LIME, SHAP) and the creation of annotated case studies and error analysis visualizations for interpretability (see threads on technical documentation, error analysis, and workflow diagrams).
- Sunita coordinated the integration of interpretability-focused evaluation (including human annotation and Q&A protocols) and led the synthesis of interpretability findings in both manuscripts and outreach materials (see threads on annotation protocols, Q&A handouts, and lessons learned memos).

All three have contributed to interpretability-focused sections in manuscripts, technical notes, and public-facing resources.","over-complete (extra, debatable)","The user asked which researchers are working with methods for interpretability. The gold answer lists two specific names: Prof. Ramesh Bhatia and Dr. Ananya Chatterjee. The system answer only correctly includes Dr. Ananya Chatterjee, but it omits Prof. Ramesh Bhatia and instead adds two incorrect names (Dr. Michael Bradley and Sunita Sen). Therefore the system answer does not match the gold answer and is not correct overall."
multi-hop,Which method does Dr. Michael Bradley use alongside Transformer models?,"temporal embeddings, alignment methods",Dr. Michael Bradley uses error analysis and benchmarking with disaggregated results (including per-language precision/recall/F1 charts and timeline-based error distribution figures) alongside Transformer models. He also integrates traditional evaluation metrics and annotation reliability analysis (such as inter-annotator agreement statistics) in his workflow.,wrong value / hallucination,"The system answer does not mention the correct methods (temporal embeddings and alignment methods). Instead, it describes evaluation techniques like error analysis and benchmarking, which do not match the Gold Answer."
multi-hop,Which metrics are used to evaluate the LIME method?,"explanation consistency scores, faithfulness indices, stability of explanations, quality of explanations",The metrics used to evaluate the LIME method are explanation consistency scores and faithfulness indices.,partial (missing items),"The system answer only mentions explanation consistency scores and faithfulness indices, but omits stability of explanations and quality of explanations, which are also required by the Gold Answer. Therefore it is incomplete and not fully correct."
multi-hop,Which metrics evaluate the methods for interpretability?,"Likert-scale responses, trust in model explanations, willingness to use scores","The metrics used to evaluate the methods for interpretability in this project include:

- Explanation consistency scores
- Faithfulness indices
- Qualitative comparative vignettes
- Usability and faithfulness metrics (including human annotation pilot ratings for clarity, faithfulness, and trustworthiness)
- Explanation “usability” from a historian’s perspective
- Quantitative versus qualitative comparison protocols for model explanations
- Diagnostic metrics for post-hoc model explanations (e.g., LIME, SHAP outputs)
- Explanation clarity and actionability ratings from expert annotators

These metrics are discussed in the context of both model-agnostic interpretability tools (such as LIME and SHAP) and human expert evaluation, as well as in the design of the annotation pilot and the analysis of OCR/post-processing artifacts.",wrong value / hallucination,"The gold answer specifies concrete human-centered evaluation metrics: Likert-scale responses, trust in model explanations, and willingness to use scores. The system answer lists a variety of other interpretability-related metrics and concepts but does not mention these key metrics. Therefore it does not provide the same correct information as the gold answer."
single-hop,What is the final status of submission SUB-JOCCH-2021-0612?,Scheduled for publication,ACCEPTED for publication.,wrong value / hallucination,"The system answer is not correct. The gold answer indicates the status is 'Scheduled for publication,' which is more specific and different from simply 'ACCEPTED for publication.' Therefore, it does not fully satisfy the user’s question."
reasoning,Is the Chronicling America dataset used for OCR correction tasks?,FALSE,Yes.,wrong TRUE/FALSE,"The gold answer indicates the correct response is FALSE, but the system answered 'Yes,' which directly contradicts it. Therefore, the system answer is not correct or useful for the user’s question."
single-hop,What is the final status of the submission SUB-JOCCH-2019-0187?,Camera-ready received,"ACCEPTED (pending minor revisions, then accepted for publication)",wrong value / hallucination,"The system answer is incorrect. The gold answer states that the final status is 'Camera-ready received,' which indicates the final camera-ready version has already been submitted. The system answer instead says 'ACCEPTED (pending minor revisions, then accepted for publication),' which implies a different and earlier status. Therefore, it does not provide the same information as the gold answer."
single-hop,What is the current status of the submission SUB-JOCCH-2020-0047?,Conditionally accepted,The manuscript SUB-JOCCH-2020-0047 has been formally accepted for publication in the ACM Journal on Computing and Cultural Heritage and is proceeding to the production stage.,wrong value / hallucination,"The gold answer indicates the submission is conditionally accepted, while the system answer states it has been formally accepted and is proceeding to production. This is a different and incorrect status, so the system answer does not contain the correct information."
single-hop,What was the agenda of the meeting on 19th April 2019?,first progress check-in group call,"The agenda for the meeting on 19th April 2019 was as follows:

1. Sunita's briefing on dataset harmonization progress and immediate needs
2. Michael's demonstration of OCR/post-processing pipeline (using shared Chronicling America samples)
3. Ananya's preliminary feedback on interpretability review and metadata system memo
4. Joint discussion: unified vs. dual metadata mapping schema; plan for next harmonization/annotation steps
5. Scheduling and discussion of next milestone (e.g., baseline model implementation, evaluation setup)",wrong value / hallucination,"The gold answer states the agenda was simply a 'first progress check-in group call', while the system answer gives a detailed, specific multi-item agenda that does not match the gold answer. It does not correctly reflect the intended concise agenda description and is therefore not correct."
reasoning,Is Prof. Ramesh Bhatia affiliated with Stanford University?,FALSE,"No. Prof. Ramesh Bhatia is affiliated with the Department of Computer Science, Indian Association for the Cultivation of Science (IACS), not Stanford University.","over-complete (extra, debatable)","The system correctly states that Prof. Ramesh Bhatia is not affiliated with Stanford, matching the FALSE gold label, but it adds a specific affiliation (Department of Computer Science, IACS) that is not supported by the gold answer and may be fabricated. Therefore, it does not strictly match the gold-standard information."
single-hop,Which task is Sunita Sen working on related to semantic drift?,semantic drift studies,"Sunita Sen is working on preparing and sharing supplementary annotation logs and metadata, including normalization edge cases and inter-annotator commentaries, to support the extended analyses for the journal extension—specifically for sub-dialectal code-switching trends and longitudinal model adaptation related to semantic drift. She is also coordinating the benchmarking dataset visualizations and is involved in the error analysis and documentation of annotation protocols for historical corpora, which are central to the semantic drift detection work described in the team’s JCDL and journal submissions.",wrong value / hallucination,"The user only asked which task Sunita Sen is working on, and the gold answer is simply 'semantic drift studies.' The system answer provides detailed but different tasks (annotation logs, metadata, visualizations, etc.) and does not clearly or directly state that her task is 'semantic drift studies.' It does not correctly match the expected answer."
