entity_type,similarity_score,entity_label_1,evidence_1,entity_label_2,evidence_2,label,llm_prediction,rank
Dataset,0.6562258005142212,colonial gazetteer sources,"Over the next week, I will draft a summary focusing on (a) cross-lingual ambiguity patterns in historical place names and (b) issues in standardizing metadata across colonial gazetteer sources.",colonial records,"illustrative use cases (South Asian newspapers, colonial records, and Oxford’s annotated corpus)",MATCH,NO_MATCH,2
Dataset,0.6724589467048645,Chilean dataset,"Ananya, I have isolated the specific feedback regarding “consent revalidation” and the need to clarify archival authority within the Chilean dataset workflow. | Ananya, I have isolated the specific feedback regarding “consent revalidation” and the need to clarify archival authority within the Chilean dataset workflow. | Ananya’s expanded workflow diagrams and compliance scenarios for Chilean and Japanese datasets | Ananya presented the draft diagrams illustrating data management workflows for the Chilean and Japanese datasets, including granular steps for consent, anonymization, and dataset transfer.",Chilean data management examples,"Expanded discussion is needed for non-European datasets, with explicit Chilean and Japanese data management examples.",NO_MATCH,MATCH,3
Method,0.7182502150535583,bar chart breakdown of willingness scores,"For the bar chart breakdown of willingness scores by OCR artifact severity, could Sunita or Michael please confirm whether we are using the original annotator codes (A/B) or anonymized participant IDs for the public submission? | For the bar chart breakdown of willingness scores by OCR artifact severity, could Sunita or Michael please confirm whether we are using the original annotator codes (A/B) or anonymized participant IDs for the public submission?",bar charts,Ananya suggested a supplementary figure: bar charts showing breakdowns of willingness scores by document artifact severity,NO_MATCH,MATCH,1
Method,0.7847430109977722,meta-level reflection on annotation protocol and transparency,"I am encouraged by our progress, especially regarding the focused integration of meta-level reflection on annotation protocol and transparency. | I am encouraged by our progress, especially regarding the focused integration of meta-level reflection on annotation protocol and transparency. | I am encouraged by our progress, especially regarding the focused integration of meta-level reflection on annotation protocol and transparency. | I am encouraged by our progress, especially regarding the focused integration of meta-level reflection on annotation protocol and transparency.",annotation protocol,"Regarding the comparative table, I’ve begun compiling key features from the corpora referenced in Zhao & Müller (2021) and mapping their practices against our own. | Ananya, your detailed responses during the Q&A—especially on the annotation protocol and bias mitigation—demonstrated the depth of our collaborative effort and boosted the clarity of our findings. | Ananya, your detailed responses during the Q&A—especially on the annotation protocol and bias mitigation—demonstrated the depth of our collaborative effort and boosted the clarity of our findings. | Ananya, your detailed responses during the Q&A—especially on the annotation protocol and bias mitigation—demonstrated the depth of our collaborative effort and boosted the clarity of our findings. | practical reproducibility of your annotation protocol | practical reproducibility of your annotation protocol | practical reproducibility of your annotation protocol",MATCH,NO_MATCH,3
Method,0.7390874624252319,participatory annotation methods,Expanded to include recent initiatives in multi-modal heritage NLP and a new subsection referencing participatory annotation methods.,annotation,The OCR and annotation challenges we encountered would interest the broader NLP and digital heritage research communities; | The OCR and annotation challenges we encountered would interest the broader NLP and digital heritage research communities;,MATCH,NO_MATCH,2
Method,0.7907619476318359,NLP Methods,"NLP Methods for Historical Data: Global Challenges, Local Contexts | NLP Methods for Historical Data: Global Challenges, Local Contexts | NLP Methods for Historical Data: Global Challenges, Local Contexts | NLP Methods for Historical Data: Global Challenges, Local Contexts | NLP Methods for Historical Data: Global Challenges, Local Contexts",NLP-based framework,"Our NLP-based framework bridges the academic and public history divide, enabling digitized archives in regional languages to be more broadly searchable and accessible. | Our NLP-based framework bridges the academic and public history divide, enabling digitized archives in regional languages to be more broadly searchable and accessible.",MATCH,NO_MATCH,3
Method,0.7228665351867676,drafting normalization guidelines,"Regarding the dataset/resource paper outline, I can take primary responsibility for drafting the normalization guidelines and the agreement statistics section.",normalization framework,"publication prospects, specifically a survey/methods piece for JOCCH based on our annotated historical corpora, normalization framework | publication prospects, specifically a survey/methods piece for JOCCH based on our annotated historical corpora, normalization framework | publication prospects, specifically a survey/methods piece for JOCCH based on our annotated historical corpora, normalization framework | publication prospects, specifically a survey/methods piece for JOCCH based on our annotated historical corpora, normalization framework",MATCH,NO_MATCH,3
Method,0.7732009291648865,archival NLP,Dr. Nguyen’s expertise in archival NLP,historical NLP,An introductory paragraph contextualizing the importance of historical NLP for broad audiences.,MATCH,NO_MATCH,3
Method,0.6861131191253662,cross-institutional protocol harmonization,Reviewers highlighted the valuable synthesis of compliance frameworks and cross-institutional protocol harmonization within multinational NLP collaborations. | Reviewers highlighted the valuable synthesis of compliance frameworks and cross-institutional protocol harmonization within multinational NLP collaborations. | Reviewers highlighted the valuable synthesis of compliance frameworks and cross-institutional protocol harmonization within multinational NLP collaborations. | Reviewers highlighted the valuable synthesis of compliance frameworks and cross-institutional protocol harmonization within multinational NLP collaborations.,annotation protocol,"Regarding the comparative table, I’ve begun compiling key features from the corpora referenced in Zhao & Müller (2021) and mapping their practices against our own. | Ananya, your detailed responses during the Q&A—especially on the annotation protocol and bias mitigation—demonstrated the depth of our collaborative effort and boosted the clarity of our findings. | Ananya, your detailed responses during the Q&A—especially on the annotation protocol and bias mitigation—demonstrated the depth of our collaborative effort and boosted the clarity of our findings. | Ananya, your detailed responses during the Q&A—especially on the annotation protocol and bias mitigation—demonstrated the depth of our collaborative effort and boosted the clarity of our findings. | practical reproducibility of your annotation protocol | practical reproducibility of your annotation protocol | practical reproducibility of your annotation protocol",MATCH,NO_MATCH,3
Method,0.7730829119682312,anonymization,including iconography for anonymization and audit mechanisms | including iconography for anonymization and audit mechanisms,exclusion of personally identifiable information,"Detailed our anonymization pipeline, including data hashing procedures, exclusion of personally identifiable information at the source, and our approach to managing regional digital archival consent.",NO_MATCH,MATCH,3
Method,0.8016922473907471,OCR correction tools,"Michael, your suggestions regarding OCR correction tools and metadata mapping are extremely insightful.",customized OCR correction pipeline,Michael gave a live demonstration of his customized OCR correction pipeline.,MATCH,NO_MATCH,2
Method,0.8280804753303528,annotation process,"For each protocol-specific exception, I’ve provided a representative historical case from the 19th-century Bengali literature subset, highlighting annotation challenges and our resolution process. | For each protocol-specific exception, I’ve provided a representative historical case from the 19th-century Bengali literature subset, highlighting annotation challenges and our resolution process. | For each protocol-specific exception, I’ve provided a representative historical case from the 19th-century Bengali literature subset, highlighting annotation challenges and our resolution process. | For each protocol-specific exception, I’ve provided a representative historical case from the 19th-century Bengali literature subset, highlighting annotation challenges and our resolution process. | For each protocol-specific exception, I’ve provided a representative historical case from the 19th-century Bengali literature subset, highlighting annotation challenges and our resolution process. | Reviewer 1 requests a more robust quantitative evaluation of our annotation process.",annotation protocol,"Regarding the comparative table, I’ve begun compiling key features from the corpora referenced in Zhao & Müller (2021) and mapping their practices against our own. | Ananya, your detailed responses during the Q&A—especially on the annotation protocol and bias mitigation—demonstrated the depth of our collaborative effort and boosted the clarity of our findings. | Ananya, your detailed responses during the Q&A—especially on the annotation protocol and bias mitigation—demonstrated the depth of our collaborative effort and boosted the clarity of our findings. | Ananya, your detailed responses during the Q&A—especially on the annotation protocol and bias mitigation—demonstrated the depth of our collaborative effort and boosted the clarity of our findings. | practical reproducibility of your annotation protocol | practical reproducibility of your annotation protocol | practical reproducibility of your annotation protocol",MATCH,NO_MATCH,1
Metric,0.7777061462402344,anonymization policies,"Annotations on researcher responsibilities, particularly regarding third-party historical data, anonymization policies, and cross-regional archival consent.",anonymization approaches,"Consent & Anonymization Protocols: The comparative analysis of consent stratification and anonymization approaches is rigorous and appropriately foregrounds both procedural strengths (e.g., NLI's “tiered consent”) and region-specific limitations (e.g., constraints in annotator metadata retention in Japan and Chile).",MATCH,NO_MATCH,2
Metric,0.6566619277000427,per-class F1 scores,"The initial notebook now outputs both overall Cohen’s kappa and per-class F1 scores, and logs annotator-level confusion matrices for deeper inspection.",F1/accuracy-based metrics,"I’ve articulated our rationale for employing a hybrid approach, focusing on justifying the adaptation of standard F1/accuracy-based metrics",MATCH,NO_MATCH,3
Metric,0.6717124581336975,per-class F1 scores,"The initial notebook now outputs both overall Cohen’s kappa and per-class F1 scores, and logs annotator-level confusion matrices for deeper inspection.",F1 score,"There is a need for a more granular breakdown of your benchmarking (by language/time period) and a discussion contextualizing F1 score variance | Reviewers seek a more disaggregated results presentation (by language/time period), as well as further discussion on F1 score variance. | On the extrinsic side, standard token-level accuracy, F1 score, and, for our context, an adjusted historical vocabulary recall (as you noted) will map well to both classification and retrieval subtasks. | On the extrinsic side, standard token-level accuracy, F1 score, and, for our context, an adjusted historical vocabulary recall (as you noted) will map well to both classification and retrieval subtasks.",MATCH,NO_MATCH,2
Metric,0.7008450627326965,content consistency and clarity,"Once completed, we can all contribute edits to ensure content consistency and clarity.",clarity and completeness,do flag any referencing issues or stylistic corrections,MATCH,NO_MATCH,1
Task,0.841985285282135,drafting normalization and inter-annotator agreement sections,I’m happy to coordinate with you as you draft the normalization and inter-annotator agreement sections. | I’m happy to coordinate with you as you draft the normalization and inter-annotator agreement sections. | I’m happy to coordinate with you as you draft the normalization and inter-annotator agreement sections.,drafting annotator agreement summary table,I endorse your suggestion for an annotator agreement summary table | I endorse your suggestion for an annotator agreement summary table | I endorse your suggestion for an annotator agreement summary table,MATCH,NO_MATCH,1
Task,0.7831060886383057,"Dissemination through IACS DH mailing list, posters, and Slack groups","Once I receive them, I will incorporate the details into the event blurb and begin the process of dissemination through the IACS DH mailing list, posters, and Slack groups.",review draft event flyer and pursue dissemination in Oxford/IACS DH mailing lists,"Ananya and Sunita to review draft event flyer and pursue dissemination in Oxford/IACS DH mailing lists, respectively. | Ananya and Sunita to review draft event flyer and pursue dissemination in Oxford/IACS DH mailing lists, respectively.",MATCH,NO_MATCH,1
Task,0.8476877808570862,final proofread,Ramesh and Ananya: Please complete your final proofread by the end of 10 March. | Ramesh and Ananya: Please complete your final proofread by the end of 10 March. | I will remain on standby for the final proofread,proofreading the consolidated version,I will be on standby to assist with proofreading the consolidated version,MATCH,NO_MATCH,1
Task,0.693077564239502,deadline tracking,"Sunita, your deadline tracker is most helpful for our planning efficiency",tracking deadlines and eligibility requirements,I have started a side table for easily tracking deadlines and eligibility requirements,MATCH,NO_MATCH,3
Task,0.8055633902549744,preparing compliance appendix updates,"Prof. Bhatia, your outline for the compliance appendix updates appears comprehensive.",organize compliance supplement process,"Thank you, Ramesh, for consolidating all of the code appendix updates and clearly organizing the compliance supplement process.",MATCH,NO_MATCH,3
Task,0.7467883229255676,expanding on negotiation process with NDLI,could you expand in your annotation on the negotiation process with NDLI,providing notes on NDLI negotiations and local compliance protocols,"Sunita, your notes on the NDLI negotiations and local compliance protocols have provided an excellent starting structure for documenting institutional-specific approaches,",MATCH,NO_MATCH,2
Task,0.7746086120605469,monitor the portal during the editorial screening phase,"Ananya, I appreciate your vigilance in monitoring the portal during the editorial screening phase",monitoring the JOCCH submission portal,"Thank you, Ananya, for confirming your willingness to continue monitoring the JOCCH submission portal for updates",MATCH,NO_MATCH,1
Task,0.736557126045227,review institutional requirements for dataset clearance,"Prof. Bhatia, I look forward to reviewing the institutional requirements for dataset clearance once you and Michael have mapped out the process. | Prof. Bhatia, I look forward to reviewing the institutional requirements for dataset clearance once you and Michael have mapped out the process.",initiating necessary paperwork for official institutional 'no objection' or data release compliance letter,"Should we require an official institutional 'no objection' or data release compliance letter for submission, I can initiate the necessary paperwork this week with the library team.",MATCH,NO_MATCH,1
Task,0.7590675354003906,visualization updates,"Michael, your visualization updates greatly improved our annotation and release workflow documentation.",preparing workflow diagram,"Michael, for the supplementary materials, I’ve set up a dedicated section on our GitHub repo for draft case studies and the evolving annotation protocol.",MATCH,NO_MATCH,1
Task,0.8684514760971069,review workflow PDF/PPTX,- Please review the attached workflow PDF/PPTX so we can collect any clarifications and finalize quickly. | - Please review the attached workflow PDF/PPTX so we can collect any clarifications and finalize quickly. | - Please review the attached workflow PDF/PPTX so we can collect any clarifications and finalize quickly. | - Please review the attached workflow PDF/PPTX so we can collect any clarifications and finalize quickly.,review of the integrated slide deck materials,Thank you all for your contributions and careful review of the integrated slide deck materials | Thank you all for your contributions and careful review of the integrated slide deck materials | Thank you all for your contributions and careful review of the integrated slide deck materials | Thank you all for your contributions and careful review of the integrated slide deck materials,NO_MATCH,MATCH,1
Task,0.7656305432319641,Review the cover letter and add/edit contributions,Review the cover letter and add/edit contributions as needed. | Review the cover letter and add/edit contributions as needed. | Review the cover letter and add/edit contributions as needed.,review cover letter,The cover letter draft is also included for your review | The cover letter draft is also included for your review | The cover letter draft is also included for your review | The cover letter draft is also included for your review,MATCH,NO_MATCH,1
Task,0.7408199310302734,sample of problematic OCR segments,"Sunita, I would appreciate receiving a sample of the problematic OCR segments, particularly those from the 1890s datasets with recurring misrecognitions and date inconsistencies.",Providing sample outputs or clarification on 'historical OCR noise threshold' cases,If you need sample outputs or clarification on the ‘historical OCR noise threshold’ cases,MATCH,NO_MATCH,1
Task,0.8428332805633545,preparation of final presentation deck,"I am pleased to inform you that our final presentation deck, supporting documentation, and coordinated press releases have been successfully submitted via the official JCDL conference portal this morning. | I am pleased to inform you that our final presentation deck, supporting documentation, and coordinated press releases have been successfully submitted via the official JCDL conference portal this morning. | I am pleased to inform you that our final presentation deck, supporting documentation, and coordinated press releases have been successfully submitted via the official JCDL conference portal this morning. | I am pleased to inform you that our final presentation deck, supporting documentation, and coordinated press releases have been successfully submitted via the official JCDL conference portal this morning.",preparation of presentation materials and press releases for JCDL 2022,Thank you all for the diligent coordination and careful review at each stage of our JCDL 2022 preparations. | Thank you all for the diligent coordination and careful review at each stage of our JCDL 2022 preparations. | Thank you all for the diligent coordination and careful review at each stage of our JCDL 2022 preparations. | Thank you all for the diligent coordination and careful review at each stage of our JCDL 2022 preparations.,NO_MATCH,MATCH,3
Task,0.6804312467575073,collation of support letters or budget outlines,I have started pulling together standard requirements for the Indian component and am happy to coordinate the collation of support letters or budget outlines in accordance with DST guidelines.,preparation of supporting documentation,"I am pleased to inform you that our final presentation deck, supporting documentation, and coordinated press releases have been successfully submitted via the official JCDL conference portal this morning. | I am pleased to inform you that our final presentation deck, supporting documentation, and coordinated press releases have been successfully submitted via the official JCDL conference portal this morning. | I am pleased to inform you that our final presentation deck, supporting documentation, and coordinated press releases have been successfully submitted via the official JCDL conference portal this morning. | I am pleased to inform you that our final presentation deck, supporting documentation, and coordinated press releases have been successfully submitted via the official JCDL conference portal this morning.",NO_MATCH,MATCH,3
Task,0.7206456065177917,reviewing revised graphical abstract,The revised graphical abstract (in both PNG and SVG formats) will be available in the Drive folder (“JOCCH_Revision/FinalGraphicalAbstract_13Nov22”) by tonight for your review.,review graphical abstract drafts,Please review both drafts at your earliest convenience. | Please review both drafts at your earliest convenience. | Please review both drafts at your earliest convenience. | Please review both drafts at your earliest convenience.,MATCH,NO_MATCH,1
Task,0.7599223256111145,submitting camera-ready package,submitting camera-ready package | submitting camera-ready package | submitting camera-ready package | submitting camera-ready package,preparing camera-ready version,"optimistically, preparing the camera-ready version for JCDL 2023 | optimistically, preparing the camera-ready version for JCDL 2023 | optimistically, preparing the camera-ready version for JCDL 2023 | optimistically, preparing the camera-ready version for JCDL 2023",NO_MATCH,MATCH,1
Task,0.7277724742889404,consolidation of supplementary material formats,"Consolidation of supplementary material formats (editable diagrams, raw tables, extended annotation rationale), and confirming upload strategy for the JOCCH portal. | Consolidation of supplementary material formats (editable diagrams, raw tables, extended annotation rationale), and confirming upload strategy for the JOCCH portal. | Consolidation of supplementary material formats (editable diagrams, raw tables, extended annotation rationale), and confirming upload strategy for the JOCCH portal. | Consolidation of supplementary material formats (editable diagrams, raw tables, extended annotation rationale), and confirming upload strategy for the JOCCH portal. | Consolidation of supplementary material formats (editable diagrams, raw tables, extended annotation rationale), and confirming upload strategy for the JOCCH portal.",Supplementary Materials,"Sunita can provide editable diagrams (source files in .svg/.pptx as required by the editorial office). | I can coordinate the review and correction of appendices formatting, and Sunita can provide editable diagrams (source files in .svg/.pptx as required by the editorial office).",NO_MATCH,MATCH,2
Task,0.7129369974136353,provide remarks on visual representation approaches and supplementary figures,"Ananya and Prof. Bhatia, your remarks on visual representation approaches and supplementary figures | Ananya and Prof. Bhatia, your remarks on visual representation approaches and supplementary figures",visualization figures,Thank you for your comprehensive plan for the visualization figures and for spearheading this essential component of our submission.,NO_MATCH,MATCH,2
Task,0.7379787564277649,enhancing figure legends and supporting documentation,Enhanced figure legends and supporting documentation from Michael,"figure legends, graphics, and cross-references review","I will scrutinize all figure legends, graphics, and cross-references to ensure accuracy and integrity;",MATCH,NO_MATCH,1
Task,0.7085727453231812,co-leading the Participant Feedback Analysis & Outcomes sections,I confirm my comfort with leading the Introduction & Motivation as well as co-leading the Participant Feedback Analysis & Outcomes sections.,input on participant engagement strategies,"Ananya, your input on participant engagement strategies—especially around interactive Q&A or hands-on modules—would be timely at that stage",MATCH,NO_MATCH,1
Task,0.8092493414878845,legal comparative table,I especially appreciate Ramesh and Ananya’s initiative on the legal comparative table | I especially appreciate Ramesh and Ananya’s initiative on the legal comparative table,outline and formatting options for the legal framework comparative table,"Outline and formatting options for the legal framework comparative table, incorporating Ramesh’s updated protocol notes and suggested legal compliance footnotes.",MATCH,NO_MATCH,1
Task,0.7794498205184937,exploring follow-up research avenues,exploring follow-up research avenues,discuss refinements and expansions,Discuss potential refinements and necessary expansions for a journal article | Discuss potential refinements and necessary expansions for a journal article | Discuss potential refinements and necessary expansions for a journal article | Discuss potential refinements and necessary expansions for a journal article,MATCH,NO_MATCH,1
Task,0.7594852447509766,share supplementary documentation or background,"Sunita, Ananya, and Michael, if your press teams ask for supplementary documentation or background (such as prior project overviews, high-resolution images, or data on audience reach), please share these in the shared folder for easy access and reference. | Sunita, Ananya, and Michael, if your press teams ask for supplementary documentation or background (such as prior project overviews, high-resolution images, or data on audience reach), please share these in the shared folder for easy access and reference. | Sunita, Ananya, and Michael, if your press teams ask for supplementary documentation or background (such as prior project overviews, high-resolution images, or data on audience reach), please share these in the shared folder for easy access and reference. | Sunita, Ananya, and Michael, if your press teams ask for supplementary documentation or background (such as prior project overviews, high-resolution images, or data on audience reach), please share these in the shared folder for easy access and reference.",submitting slide deck and supplementary material,"submit a camera-ready version of your slide deck, any updated supplementary material, and presenter biographical information | submit a camera-ready version of your slide deck, any updated supplementary material, and presenter biographical information | submit a camera-ready version of your slide deck, any updated supplementary material, and presenter biographical information | submit a camera-ready version of your slide deck, any updated supplementary material, and presenter biographical information",MATCH,NO_MATCH,2
Task,0.7637618780136108,reviewing the author order and ensuring compliance checklist completion,"The agenda you outlined covers every essential detail, and I agree that reviewing the author order and ensuring compliance checklist completion will be critical for a seamless submission process. | The agenda you outlined covers every essential detail, and I agree that reviewing the author order and ensuring compliance checklist completion will be critical for a seamless submission process.",finalizing compliance checklist,"Prof. Bhatia, I appreciate your commitment to finalizing the compliance checklist.",MATCH,NO_MATCH,2
Task,0.7624809145927429,prepare compliance summary,"Michael, thank you again for preparing the compliance summary",compliance,Thank you all for the steady progress on the documentation and compliance tracks. | Thank you all for the steady progress on the documentation and compliance tracks. | Thank you all for the steady progress on the documentation and compliance tracks. | Thank you all for the steady progress on the documentation and compliance tracks.,MATCH,NO_MATCH,2
Task,0.6820331811904907,co-leading the Participant Feedback Analysis & Outcomes sections,I confirm my comfort with leading the Introduction & Motivation as well as co-leading the Participant Feedback Analysis & Outcomes sections.,lead drafting of session feedback form,I am also happy to lead the drafting of a session feedback form once the structure is finalized,MATCH,NO_MATCH,3
Task,0.7649990916252136,press release synchronization,I confirm that the press release synchronization between the Oxford and IACS communications teams is now finalized | I confirm that the press release synchronization between the Oxford and IACS communications teams is now finalized | I confirm that the press release synchronization between the Oxford and IACS communications teams is now finalized | I confirm that the press release synchronization between the Oxford and IACS communications teams is now finalized,submitting press release,I am available for any immediate queries and would be glad to coordinate directly with our communications team once we finalize the content. | I am available for any immediate queries and would be glad to coordinate directly with our communications team once we finalize the content. | I am available for any immediate queries and would be glad to coordinate directly with our communications team once we finalize the content. | I am available for any immediate queries and would be glad to coordinate directly with our communications team once we finalize the content.,MATCH,NO_MATCH,1
Task,0.7746098041534424,compliance documentation and administrative actions,Compliance documentation and administrative actions | Compliance documentation and administrative actions | Compliance documentation and administrative actions | Compliance documentation and administrative actions,addressing compliance checklist items,addressing compliance checklist items | addressing compliance checklist items | addressing compliance checklist items | addressing compliance checklist items,MATCH,NO_MATCH,1
Task,0.7387466430664062,flagging data for potential exemplar visualizations,"Regarding your suggestion to flag data for potential exemplar visualizations, I believe a quick tally of “willingness to use” scores, cross-referenced with the presence of noise or error in input documents, could form a strong supplemental figure for our evaluation section. | Regarding your suggestion to flag data for potential exemplar visualizations, I believe a quick tally of “willingness to use” scores, cross-referenced with the presence of noise or error in input documents, could form a strong supplemental figure for our evaluation section.",key exemplars for evaluation figures,"Thank you all for your timely and thoughtful feedback regarding the data anonymization, color palette preferences, and key exemplars for our evaluation figures. | Thank you all for your timely and thoughtful feedback regarding the data anonymization, color palette preferences, and key exemplars for our evaluation figures. | Thank you all for your timely and thoughtful feedback regarding the data anonymization, color palette preferences, and key exemplars for our evaluation figures. | Thank you all for your timely and thoughtful feedback regarding the data anonymization, color palette preferences, and key exemplars for our evaluation figures.",NO_MATCH,MATCH,1
Task,0.6649706959724426,provide perspective on GDPR and data sharing,"Ananya, your perspective on GDPR and data sharing would be invaluable for the guidelines section",incorporate pointers to GDPR materials within the draft FAQ,"Sunita, please incorporate pointers to these materials within the draft FAQ, particularly in relation to the most common queries we’ve received around data rights and privacy compliance. | Sunita, please incorporate pointers to these materials within the draft FAQ, particularly in relation to the most common queries we’ve received around data rights and privacy compliance.",MATCH,NO_MATCH,1
Task,0.7990292310714722,confirming preferred time slot,"Sunita, if you could confirm the preferred time slot, I’ll block my calendar and circulate a Google Doc for live note-taking and action tracking.",blocking calendar and circulating Google Doc,"Sunita, if you could confirm the preferred time slot, I’ll block my calendar and circulate a Google Doc for live note-taking and action tracking.",MATCH,NO_MATCH,1
Task,0.6961606740951538,cross-referencing annotation workflows,"Sunita, your suggestion to cross-reference annotation workflows is well-taken",referencing annotation schema for technical documentation and walkthroughs,"Michael, you may want to reference the annotation schema when finalizing the technical documentation and walkthroughs for public release",MATCH,NO_MATCH,2
Task,0.7262943983078003,circulate system confirmation email and assigned submission ID,"After you submit, kindly circulate the system confirmation email and assigned submission ID for our records.",sharing the submission receipt and tracking information,"Ananya, please proceed with uploading the proposal when ready and share the submission receipt and tracking information as discussed.",NO_MATCH,MATCH,1
Task,0.9016722440719604,sharing the 'Sensitive Data & Risk Assessment' note,"Ananya, once your “Sensitive Data & Risk Assessment” note is ready and Oxford’s feedback arrives, please share it so we can finalize the compliance section.",finalizing 'Sensitive Data & Risk Assessment' note,"Ananya, once you finalize the “Sensitive Data & Risk Assessment” note and receive confirmation from Oxford Data Services regarding external attestation, kindly forward the update, so we can conclude the compliance documentation as a group.",MATCH,NO_MATCH,1
Task,0.7327677607536316,review technological requirements for the live session,"it may be helpful for us to collectively review the technological requirements | Ramesh and Sunita, if you are aware of any prior JCDL logistical notes | Ramesh and Sunita, if you are aware of any prior JCDL logistical notes",review of technical documentation,"I have completed my review of the technical documentation | Thank you, Sunita, for the meticulous summary and checklist | per Ananya and Ramesh’s compliance input | per Ananya and Ramesh’s compliance input",MATCH,NO_MATCH,2
Task,0.8252701759338379,preliminary review of the master slide deck,"If the preliminary review of the master slide deck reveals any need for refinement—especially regarding the clarity of transitions or visual consistency—please flag those sections, and I will be available for final edits up to 18:00 UK time today. | If the preliminary review of the master slide deck reveals any need for refinement—especially regarding the clarity of transitions or visual consistency—please flag those sections, and I will be available for final edits up to 18:00 UK time today.",review of the integrated slide deck materials,Thank you all for your contributions and careful review of the integrated slide deck materials | Thank you all for your contributions and careful review of the integrated slide deck materials | Thank you all for your contributions and careful review of the integrated slide deck materials | Thank you all for your contributions and careful review of the integrated slide deck materials,NO_MATCH,MATCH,3
Task,0.696919858455658,implement references and footnote,"Sunita, kindly confirm once the references and footnote have been implemented in the latest LaTeX master. | Michael and Ananya, for your thorough contributions to the cross-domain corpus references | Michael and Ananya, for your thorough contributions to the cross-domain corpus references",confirm integration of new references and footnote,Confirm integration of new references and footnote.,NO_MATCH,MATCH,1
Task,0.7717857360839844,updating references to graphical abstract in 'Response to Reviewers' draft,"Michael, once the “Response to Reviewers” draft is available, I’ll ensure all references to the graphical abstract are up to date.",updates to the graphical abstract,Ananya’s prompt updates to the graphical abstract,MATCH,NO_MATCH,1
Task,0.7592287659645081,confirming meeting time and circulating agenda,so Ananya can confirm our meeting time and circulate the agenda,confirming the final meeting slot,Please confirm the final slot so I can arrange my calendar and ensure the appropriate materials are ready for review.,MATCH,NO_MATCH,2
Task,0.8539829254150391,bring immediate feedback or anticipated bottlenecks relating to new compliance or data access protocols,Bring any immediate feedback or anticipated bottlenecks relating to new compliance or data access protocols for agenda item 3 | Bring any immediate feedback or anticipated bottlenecks relating to new compliance or data access protocols for agenda item 3 | Bring any immediate feedback or anticipated bottlenecks relating to new compliance or data access protocols for agenda item 3 | Bring any immediate feedback or anticipated bottlenecks relating to new compliance or data access protocols for agenda item 3,Notify the group of any anticipated bottlenecks or needed resources,Notify the group of any anticipated bottlenecks or needed resources by mid-day tomorrow. | Notify the group of any anticipated bottlenecks or needed resources by mid-day tomorrow. | Notify the group of any anticipated bottlenecks or needed resources by mid-day tomorrow.,MATCH,NO_MATCH,1
Task,0.759268581867218,drafting a preliminary comparative assessment,"For the venue selection rationale, I can draft a preliminary comparative assessment",drafting comparative venue rationale,"Michael, your willingness to draft a comparative venue rationale and your focus on practical log exemplars will be invaluable as we shape the manuscript and decide on the most impactful forum.",NO_MATCH,MATCH,2
Task,0.6730796694755554,Cross-Dataset Generalizability,"Cross-Dataset Generalizability: Systematic transfer evaluation, where a model trained on one archive (e.g., Chronicling America) is tested on another (e.g., British Library), to assess robustness and transferability of learned linguistic patterns. | Cross-Dataset Generalizability: Systematic transfer evaluation, where a model trained on one archive (e.g., Chronicling America) is tested on another (e.g., British Library), to assess robustness and transferability of learned linguistic patterns.",cross-dataset transfer,"Let us also briefly discuss the annotation pipeline and author responsibilities during the upcoming meeting, to streamline our submission plan.",NO_MATCH,MATCH,1
Task,0.6941901445388794,submit the package via the ACL online submission portal,"Upon unanimous author approval, I will proceed to submit the package via the ACL online submission portal and circulate the resulting Submission ID and confirmation email to the group.",timely ACL submission,"If the rest of the group is also satisfied, we should be well on track for pre-submission administrative checks and a timely ACL submission.",MATCH,NO_MATCH,2
Task,0.8231679201126099,completing the emergency email template,I understand the emergency email template and backup dataset links are nearing completion;,sharing the emergency email template and backup dataset links in the Drive,please share these in the Drive as soon as they are available.,MATCH,NO_MATCH,1
